,critic_rating,is_action,is_exclusive_to_us,is_portable,is_role_playing,is_sequel,is_sports,suitable_for_kids,total_earnings,unit_price
0,0.4999999999999999,1.0,0.0,1.0,0.0,1.0,0.0,0.0,0.3747139609249367,1.0
1,0.8333333333333334,0.0,0.0,0.0,0.0,1.0,1.0,0.0,0.19242527864549636,0.5
2,0.33333333333333337,0.0,0.0,0.0,0.0,1.0,1.0,0.0,0.11485185116726125,0.5
3,0.8333333333333334,1.0,0.0,0.0,0.0,0.0,0.0,1.0,0.14245208036820023,0.0
4,0.6666666666666666,1.0,0.0,1.0,0.0,1.0,0.0,1.0,0.4806824273118796,1.0
5,0.6666666666666666,0.0,0.0,0.0,1.0,1.0,0.0,0.0,0.13972015304707863,0.0
6,0.0,1.0,0.0,0.0,0.0,1.0,0.0,0.0,0.11338792258923126,0.5
7,0.8333333333333334,0.0,0.0,1.0,1.0,1.0,0.0,1.0,0.44906748488937354,1.0
8,0.4999999999999999,0.0,0.0,1.0,0.0,0.0,1.0,0.0,0.06127428328496702,0.0
9,0.16666666666666663,1.0,0.0,0.0,0.0,1.0,0.0,0.0,0.20668009833459638,1.0
10,0.8333333333333334,1.0,0.0,1.0,0.0,1.0,0.0,0.0,0.4777545701558197,1.0
11,0.4999999999999999,0.0,0.0,0.0,1.0,0.0,0.0,0.0,0.13232657437015954,1.0
12,0.4999999999999999,0.0,0.0,0.0,1.0,1.0,0.0,0.0,0.17925361823256503,0.5
13,0.6666666666666666,0.0,0.0,0.0,1.0,0.0,0.0,0.0,0.16335742407718895,1.0
14,0.4999999999999999,0.0,0.0,0.0,1.0,1.0,0.0,0.0,0.23946692297739414,1.0
15,0.6666666666666666,0.0,0.0,0.0,1.0,1.0,0.0,1.0,0.31206816879540117,1.0
16,0.4999999999999999,1.0,0.0,0.0,0.0,1.0,0.0,0.0,0.2285281233248923,0.5
17,0.33333333333333337,1.0,0.0,0.0,0.0,1.0,0.0,1.0,0.29274505092327313,1.0
18,0.16666666666666663,1.0,1.0,0.0,0.0,1.0,0.0,0.0,0.3480564130053049,0.5
19,0.9999999999999999,1.0,0.0,0.0,0.0,1.0,0.0,0.0,0.42799208887081575,1.0
20,0.6666666666666666,0.0,0.0,0.0,0.0,1.0,1.0,0.0,0.2248313339864328,1.0
21,0.8333333333333334,0.0,0.0,0.0,0.0,0.0,1.0,1.0,0.1280235115801926,0.5
22,0.16666666666666663,0.0,1.0,0.0,1.0,1.0,0.0,1.0,0.40164507125561455,1.0
23,0.6666666666666666,1.0,0.0,0.0,0.0,1.0,0.0,1.0,0.2963420269495943,0.5
24,0.8333333333333334,1.0,0.0,0.0,0.0,1.0,0.0,1.0,0.2486090830114046,0.0
25,0.8333333333333334,0.0,0.0,0.0,0.0,1.0,1.0,1.0,0.28923310105173655,1.0
26,0.0,0.0,0.0,0.0,1.0,1.0,0.0,1.0,0.06283432838579693,0.0
27,0.4999999999999999,1.0,0.0,1.0,0.0,1.0,0.0,0.0,0.29536607456424097,0.5
28,0.4999999999999999,0.0,0.0,0.0,1.0,1.0,0.0,1.0,0.2693258904641319,1.0
29,0.0,1.0,0.0,1.0,0.0,0.0,0.0,1.0,0.10460804791038984,0.5
30,0.4999999999999999,1.0,1.0,0.0,0.0,1.0,0.0,0.0,0.4651485185116726,0.5
31,0.8333333333333334,0.0,0.0,0.0,0.0,1.0,1.0,1.0,0.28864900833625995,1.0
32,0.8333333333333334,1.0,0.0,0.0,0.0,0.0,0.0,0.0,0.17730171346185836,0.5
33,0.4999999999999999,0.0,0.0,0.0,0.0,1.0,1.0,0.0,0.19321639156392673,1.0
34,0.33333333333333337,1.0,0.0,0.0,0.0,1.0,0.0,0.0,0.2488345871610506,1.0
35,0.33333333333333337,0.0,1.0,0.0,1.0,1.0,0.0,0.0,0.4174525424668676,1.0
36,0.6666666666666666,0.0,0.0,0.0,1.0,1.0,0.0,0.0,0.2734256298404835,1.0
37,0.4999999999999999,1.0,1.0,0.0,0.0,1.0,0.0,0.0,0.5790429012402728,1.0
38,0.4999999999999999,1.0,0.0,0.0,0.0,1.0,0.0,0.0,0.2986007652353931,1.0
39,0.0,0.0,0.0,1.0,1.0,1.0,0.0,0.0,0.1774089203526737,1.0
40,0.6666666666666666,0.0,0.0,0.0,1.0,1.0,0.0,0.0,0.20852479621448772,0.5
41,0.0,0.0,0.0,1.0,0.0,0.0,1.0,1.0,0.013659636605608025,0.0
42,0.6666666666666666,0.0,0.0,0.0,0.0,1.0,1.0,1.0,0.25469030147317057,1.0
43,0.9999999999999999,0.0,0.0,0.0,0.0,1.0,1.0,0.0,0.28747712611596826,1.0
44,0.0,1.0,1.0,1.0,0.0,1.0,0.0,0.0,0.45726326685273844,1.0
45,0.6666666666666666,1.0,0.0,0.0,0.0,0.0,0.0,1.0,0.12294042623981073,0.0
46,0.8333333333333334,1.0,1.0,0.0,0.0,1.0,0.0,0.0,0.43984769227925546,0.0
47,0.4999999999999999,0.0,1.0,1.0,0.0,1.0,1.0,0.0,0.5064453522116042,1.0
48,0.16666666666666663,1.0,0.0,0.0,0.0,1.0,0.0,1.0,0.24063880519768582,1.0
49,0.6666666666666666,0.0,0.0,0.0,1.0,0.0,0.0,0.0,0.16276963457237387,1.0
50,0.6666666666666666,0.0,0.0,0.0,1.0,1.0,0.0,0.0,0.2710818653999002,1.0
51,0.6666666666666666,0.0,0.0,0.0,1.0,1.0,0.0,0.0,0.14089203526737026,0.0
52,0.8333333333333334,1.0,1.0,0.0,0.0,1.0,0.0,0.0,0.7353653352063733,1.0
53,0.8333333333333334,0.0,0.0,0.0,0.0,1.0,1.0,0.0,0.2535184192528789,1.0
54,0.8333333333333334,1.0,0.0,0.0,0.0,0.0,0.0,0.0,0.2418106874179775,1.0
55,0.6666666666666666,0.0,0.0,1.0,1.0,1.0,0.0,0.0,0.34426720393338384,1.0
56,0.6666666666666666,0.0,0.0,0.0,1.0,0.0,0.0,0.0,0.15984177741631395,1.0
57,0.6666666666666666,1.0,0.0,1.0,0.0,1.0,0.0,0.0,0.2474408975804514,0.0
58,0.8333333333333334,1.0,0.0,1.0,0.0,1.0,0.0,1.0,0.3235430029019796,0.0
59,0.16666666666666663,0.0,0.0,1.0,1.0,1.0,0.0,0.0,0.21839152695883624,1.0
60,0.33333333333333337,0.0,0.0,0.0,1.0,1.0,0.0,0.0,0.0928855289181346,0.0
61,0.16666666666666663,1.0,0.0,0.0,0.0,0.0,0.0,0.0,0.03707510027541082,0.0
62,0.8333333333333334,0.0,1.0,0.0,0.0,0.0,1.0,0.0,0.18187094508419438,0.0
63,0.0,0.0,0.0,0.0,0.0,1.0,1.0,1.0,0.11885917081015139,1.0
64,0.16666666666666663,1.0,0.0,1.0,0.0,0.0,0.0,0.0,0.15984177741631395,1.0
65,0.33333333333333337,0.0,0.0,1.0,1.0,1.0,0.0,0.0,0.13894013049666365,0.0
66,0.8333333333333334,1.0,1.0,1.0,0.0,1.0,0.0,0.0,0.555764218775993,0.0
67,0.33333333333333337,1.0,0.0,0.0,0.0,1.0,0.0,1.0,0.2915768654923199,1.0
68,0.6666666666666666,1.0,0.0,0.0,0.0,1.0,0.0,0.0,0.33841148962126394,1.0
69,0.4999999999999999,1.0,1.0,1.0,0.0,1.0,0.0,0.0,0.7137021496830003,1.0
70,0.16666666666666663,0.0,1.0,1.0,1.0,1.0,0.0,0.0,0.4443836527975453,1.0
71,0.16666666666666663,1.0,1.0,0.0,0.0,0.0,0.0,1.0,0.31675200088722943,1.0
72,0.8333333333333334,0.0,1.0,1.0,0.0,1.0,1.0,0.0,0.6358329790576884,1.0
73,0.33333333333333337,1.0,0.0,0.0,0.0,0.0,0.0,0.0,0.1026561431396832,0.5
74,0.6666666666666666,1.0,0.0,0.0,0.0,0.0,0.0,0.0,0.21019574499547145,1.0
75,0.6666666666666666,1.0,0.0,0.0,0.0,1.0,0.0,1.0,0.3875935749801298,1.0
76,0.9999999999999999,0.0,1.0,0.0,1.0,1.0,0.0,1.0,0.46131494796769,0.0
77,0.8333333333333334,1.0,0.0,1.0,0.0,1.0,0.0,0.0,0.4724866453485148,1.0
78,0.33333333333333337,0.0,0.0,0.0,1.0,0.0,0.0,1.0,0.12939871721409957,1.0
79,0.0,1.0,0.0,0.0,0.0,0.0,0.0,1.0,0.02809929576163102,0.0
80,0.4999999999999999,1.0,0.0,0.0,0.0,0.0,0.0,0.0,0.176237038132382,1.0
81,0.8333333333333334,0.0,1.0,0.0,0.0,0.0,1.0,0.0,0.3308034971627142,1.0
82,0.6666666666666666,1.0,0.0,0.0,0.0,1.0,0.0,0.0,0.1861629175061459,0.0
83,0.33333333333333337,0.0,0.0,0.0,1.0,1.0,0.0,0.0,0.14753886249792053,0.5
84,0.8333333333333334,0.0,0.0,1.0,0.0,0.0,1.0,1.0,0.1194247795789357,0.0
85,0.8333333333333334,0.0,0.0,0.0,0.0,0.0,1.0,1.0,0.17272508826084543,1.0
86,0.0,1.0,0.0,0.0,0.0,1.0,0.0,0.0,0.16160144914142066,1.0
87,0.4999999999999999,1.0,1.0,0.0,0.0,1.0,0.0,0.0,0.5813829688915177,1.0
88,0.9999999999999999,1.0,0.0,0.0,0.0,1.0,0.0,0.0,0.42564832443023237,1.0
89,0.6666666666666666,0.0,1.0,0.0,0.0,1.0,1.0,0.0,0.36415962736363466,0.5
90,0.6666666666666666,0.0,0.0,0.0,1.0,1.0,0.0,0.0,0.2751816047762518,1.0
91,0.33333333333333337,0.0,1.0,0.0,1.0,1.0,0.0,1.0,0.4759985952200514,1.0
92,0.0,0.0,0.0,0.0,1.0,1.0,0.0,0.0,0.1264708600580396,1.0
93,0.4999999999999999,0.0,0.0,0.0,1.0,1.0,0.0,1.0,0.20901277240716437,0.5
94,0.9999999999999999,0.0,0.0,0.0,1.0,0.0,0.0,0.0,0.15729838635145377,0.5
95,0.33333333333333337,0.0,0.0,1.0,0.0,1.0,1.0,0.0,0.21136393042642465,1.0
96,0.4999999999999999,0.0,0.0,0.0,1.0,1.0,0.0,0.0,0.1194247795789357,0.0
97,0.6666666666666666,0.0,1.0,1.0,1.0,1.0,0.0,0.0,0.6785715605996192,1.0
98,0.4999999999999999,0.0,0.0,0.0,1.0,1.0,0.0,1.0,0.26522984787711873,1.0
99,0.6666666666666666,1.0,0.0,0.0,0.0,0.0,0.0,0.0,0.15095469584665716,0.5
100,0.4999999999999999,1.0,0.0,1.0,0.0,1.0,0.0,0.0,0.38173786066800985,1.0
101,0.4999999999999999,1.0,0.0,0.0,0.0,1.0,0.0,0.0,0.29274505092327313,1.0
102,0.4999999999999999,0.0,0.0,1.0,1.0,1.0,0.0,1.0,0.19241049148814254,0.0
103,0.0,1.0,0.0,0.0,0.0,1.0,0.0,0.0,0.07298201511986839,0.0
104,0.6666666666666666,0.0,1.0,0.0,1.0,0.0,0.0,1.0,0.40164507125561455,1.0
105,0.6666666666666666,0.0,0.0,0.0,1.0,1.0,0.0,0.0,0.20364503428772113,0.5
106,0.4999999999999999,0.0,0.0,0.0,0.0,0.0,1.0,1.0,0.1252989778377479,1.0
107,0.6666666666666666,1.0,0.0,0.0,0.0,1.0,0.0,0.0,0.33489953974972736,1.0
108,0.4999999999999999,0.0,1.0,0.0,0.0,0.0,1.0,1.0,0.29274505092327313,1.0
109,0.4999999999999999,1.0,0.0,0.0,0.0,1.0,0.0,0.0,0.227552170939539,0.5
110,0.6666666666666666,1.0,0.0,1.0,0.0,0.0,0.0,0.0,0.14362396258849192,0.0
111,0.6666666666666666,0.0,0.0,0.0,1.0,1.0,0.0,1.0,0.23925990277444037,0.5
112,0.0,0.0,0.0,0.0,1.0,0.0,0.0,0.0,0.0,0.0
113,0.33333333333333337,1.0,0.0,0.0,0.0,1.0,0.0,0.0,0.1919373024528197,0.5
114,0.4999999999999999,1.0,0.0,1.0,0.0,1.0,0.0,0.0,0.37061422154858503,1.0
115,0.6666666666666666,1.0,0.0,0.0,0.0,0.0,0.0,0.0,0.20668009833459638,1.0
116,0.16666666666666663,1.0,0.0,0.0,0.0,1.0,0.0,0.0,0.15095469584665716,0.5
117,0.4999999999999999,0.0,0.0,0.0,1.0,1.0,0.0,0.0,0.23537088039038095,1.0
118,0.6666666666666666,1.0,0.0,0.0,0.0,1.0,0.0,0.0,0.18772665939631428,0.0
119,0.8333333333333334,0.0,0.0,0.0,1.0,1.0,0.0,1.0,0.3483669433097355,1.0
120,0.16666666666666663,0.0,0.0,0.0,0.0,0.0,1.0,0.0,0.05562928596513929,1.0
121,0.0,1.0,0.0,0.0,0.0,0.0,0.0,0.0,0.05045008410195746,0.5
122,0.8333333333333334,0.0,0.0,0.0,1.0,0.0,0.0,0.0,0.18443282009574685,1.0
123,0.6666666666666666,0.0,0.0,1.0,1.0,1.0,0.0,0.0,0.3466109683739672,1.0
124,0.6666666666666666,1.0,0.0,0.0,0.0,1.0,0.0,1.0,0.21270216816694698,0.0
125,0.4999999999999999,0.0,0.0,0.0,1.0,1.0,0.0,0.0,0.1182565941479825,0.0
126,0.8333333333333334,1.0,0.0,1.0,0.0,0.0,0.0,0.0,0.30914031163934125,1.0
127,0.8333333333333334,1.0,0.0,0.0,0.0,1.0,0.0,0.0,0.30122178887636086,0.5
128,0.4999999999999999,0.0,0.0,0.0,0.0,1.0,1.0,0.0,0.13875898781907914,0.5
129,0.0,1.0,0.0,0.0,0.0,1.0,0.0,0.0,0.16511339901295724,1.0
130,0.16666666666666663,0.0,0.0,1.0,0.0,1.0,1.0,1.0,0.20609600561911978,1.0
131,0.8333333333333334,1.0,1.0,0.0,0.0,1.0,0.0,0.0,0.4464834291417904,0.0
132,0.6666666666666666,0.0,1.0,0.0,1.0,1.0,0.0,0.0,0.5445001016617068,1.0
133,0.4999999999999999,1.0,1.0,0.0,0.0,1.0,0.0,0.0,0.3489140681318275,0.0
134,0.4999999999999999,1.0,1.0,0.0,0.0,0.0,0.0,0.0,0.21114212306611707,0.0
135,0.16666666666666663,1.0,0.0,0.0,0.0,1.0,0.0,1.0,0.2418106874179775,1.0
136,0.33333333333333337,1.0,1.0,0.0,0.0,1.0,0.0,0.0,0.5023456128352526,1.0
137,0.4999999999999999,0.0,1.0,0.0,0.0,0.0,1.0,0.0,0.2576181586292305,1.0
138,0.6666666666666666,1.0,1.0,0.0,0.0,1.0,0.0,0.0,0.40004066468272304,0.0
139,0.0,0.0,0.0,1.0,1.0,0.0,0.0,0.0,0.08607234616735367,1.0
140,0.4999999999999999,0.0,0.0,1.0,0.0,1.0,1.0,1.0,0.28981719376721315,1.0
141,0.4999999999999999,0.0,1.0,1.0,0.0,0.0,1.0,0.0,0.3284597327221308,1.0
142,0.0,0.0,0.0,0.0,1.0,1.0,0.0,0.0,0.12178702796621137,1.0
143,0.4999999999999999,0.0,0.0,0.0,1.0,0.0,0.0,0.0,0.09240864309347334,0.5
144,0.4999999999999999,0.0,0.0,0.0,1.0,1.0,0.0,0.0,0.11903661669839745,0.0
145,0.8333333333333334,1.0,0.0,1.0,0.0,1.0,0.0,0.0,0.48478216668823126,1.0
146,0.6666666666666666,0.0,0.0,0.0,0.0,0.0,1.0,0.0,0.0441026968078224,0.0
147,0.4999999999999999,0.0,1.0,0.0,0.0,1.0,1.0,0.0,0.31341749690393894,0.5
148,0.6666666666666666,0.0,0.0,0.0,1.0,1.0,0.0,0.0,0.2060849152511044,0.5
149,0.8333333333333334,1.0,0.0,0.0,0.0,1.0,0.0,0.0,0.21621781482782204,0.0
150,0.8333333333333334,0.0,1.0,1.0,0.0,0.0,1.0,0.0,0.4285761815862923,1.0
151,0.6666666666666666,1.0,0.0,0.0,0.0,1.0,0.0,1.0,0.38349383560377814,1.0
152,0.9999999999999999,1.0,0.0,0.0,0.0,1.0,0.0,0.0,0.33342082401434353,0.5
153,0.33333333333333337,0.0,0.0,0.0,1.0,1.0,0.0,0.0,0.1973124341509399,1.0
154,0.0,0.0,0.0,0.0,0.0,0.0,1.0,0.0,0.03630986488234968,1.0
155,0.4999999999999999,1.0,1.0,1.0,0.0,1.0,0.0,0.0,0.43711576495813387,0.0
156,0.8333333333333334,0.0,0.0,0.0,0.0,1.0,1.0,0.0,0.2535184192528789,1.0
157,0.0,0.0,0.0,1.0,0.0,0.0,1.0,1.0,0.01795160902755956,0.0
158,0.16666666666666663,0.0,0.0,0.0,0.0,0.0,1.0,1.0,0.07202084989186892,1.0
159,0.6666666666666666,0.0,0.0,0.0,1.0,1.0,0.0,1.0,0.2416997837378237,0.5
160,0.16666666666666663,0.0,0.0,0.0,1.0,1.0,0.0,0.0,0.16042956692112897,1.0
161,0.6666666666666666,0.0,0.0,0.0,1.0,1.0,0.0,1.0,0.30796842941904956,1.0
162,0.16666666666666663,0.0,0.0,0.0,0.0,1.0,1.0,0.0,0.12881462449862296,1.0
163,0.8333333333333334,0.0,0.0,0.0,1.0,1.0,0.0,0.0,0.31323635422635443,1.0
164,0.6666666666666666,0.0,0.0,0.0,1.0,1.0,0.0,1.0,0.31440823644664606,1.0
165,0.4999999999999999,1.0,0.0,0.0,0.0,1.0,0.0,0.0,0.15884364429492986,0.0
166,0.0,0.0,0.0,1.0,1.0,1.0,0.0,0.0,0.07805770688157336,0.0
167,0.6666666666666666,0.0,0.0,0.0,1.0,1.0,0.0,1.0,0.31323635422635443,1.0
168,0.33333333333333337,1.0,0.0,0.0,0.0,1.0,0.0,0.0,0.1287924437625922,0.0
169,0.6666666666666666,1.0,0.0,0.0,0.0,0.0,0.0,0.0,0.15388255300271714,0.5
170,0.6666666666666666,1.0,0.0,1.0,0.0,1.0,0.0,0.0,0.4233082567789874,1.0
171,0.9999999999999999,0.0,1.0,0.0,1.0,0.0,0.0,0.0,0.4414557956414854,1.0
172,0.9999999999999999,1.0,0.0,0.0,0.0,1.0,0.0,0.0,0.42447644220994063,1.0
173,0.16666666666666663,0.0,0.0,1.0,0.0,1.0,1.0,0.0,0.1756529454169054,1.0
174,0.6666666666666666,0.0,1.0,0.0,0.0,0.0,1.0,0.0,0.29216095820779653,1.0
175,0.9999999999999999,1.0,1.0,0.0,0.0,0.0,0.0,0.0,0.533376462542282,1.0
176,0.6666666666666666,1.0,0.0,0.0,0.0,1.0,0.0,0.0,0.2568233489214617,0.5
177,0.4999999999999999,0.0,0.0,1.0,0.0,0.0,1.0,1.0,0.07454206022069833,0.0
178,0.8333333333333334,0.0,0.0,0.0,1.0,1.0,0.0,0.0,0.31323635422635443,1.0
179,0.9999999999999999,0.0,1.0,0.0,1.0,1.0,0.0,0.0,0.661595903957413,1.0
180,0.4999999999999999,1.0,0.0,1.0,0.0,1.0,0.0,0.0,0.3758821463558899,1.0
181,0.9999999999999999,0.0,0.0,1.0,1.0,0.0,0.0,1.0,0.17445518567124452,0.0
182,0.8333333333333334,0.0,0.0,0.0,0.0,1.0,1.0,1.0,0.2962606975841482,1.0
183,0.6666666666666666,0.0,1.0,0.0,0.0,1.0,1.0,0.0,0.46194709894456665,1.0
184,0.6666666666666666,1.0,1.0,0.0,0.0,0.0,0.0,0.0,0.24782906046098963,0.0
185,0.6666666666666666,0.0,0.0,0.0,1.0,1.0,0.0,1.0,0.30914031163934125,1.0
186,0.6666666666666666,1.0,1.0,1.0,0.0,1.0,0.0,0.0,0.5034657400048058,0.0
187,0.6666666666666666,0.0,0.0,0.0,1.0,0.0,0.0,0.0,0.16160144914142066,1.0
188,0.16666666666666663,0.0,0.0,0.0,0.0,1.0,1.0,0.0,0.13057059943439125,1.0
189,0.0,1.0,1.0,1.0,0.0,1.0,0.0,0.0,0.4549231992014935,1.0
190,0.8333333333333334,1.0,1.0,0.0,0.0,1.0,0.0,1.0,0.8097188591708102,1.0
191,0.0,0.0,0.0,0.0,0.0,1.0,1.0,0.0,0.09719598528677843,1.0
192,0.8333333333333334,1.0,1.0,0.0,0.0,1.0,0.0,1.0,0.8202584055747584,1.0
193,0.16666666666666663,1.0,1.0,0.0,0.0,1.0,0.0,0.0,0.4385279384854254,1.0
194,0.16666666666666663,0.0,0.0,0.0,1.0,1.0,0.0,0.0,0.16569749172843384,1.0
195,0.4999999999999999,0.0,1.0,1.0,1.0,1.0,0.0,1.0,0.6639359716086579,1.0
196,0.8333333333333334,1.0,1.0,0.0,0.0,0.0,0.0,0.0,0.4894659987800595,1.0
197,0.9999999999999999,0.0,0.0,0.0,1.0,0.0,0.0,1.0,0.24532263728951403,1.0
198,0.0,1.0,0.0,0.0,0.0,0.0,0.0,0.0,0.08724422838764533,1.0
199,0.9999999999999999,0.0,0.0,0.0,0.0,1.0,1.0,0.0,0.2915768654923199,1.0
200,0.0,0.0,0.0,0.0,0.0,1.0,1.0,0.0,0.057281750799430695,0.5
201,0.6666666666666666,0.0,0.0,0.0,0.0,1.0,1.0,1.0,0.25703036912441546,1.0
202,0.0,0.0,0.0,0.0,1.0,1.0,0.0,0.0,0.12295891018650303,1.0
203,0.8333333333333334,1.0,0.0,1.0,0.0,1.0,0.0,0.0,0.48185430953217134,1.0
204,0.16666666666666663,0.0,0.0,0.0,1.0,1.0,0.0,1.0,0.08625348884493818,0.0
205,0.9999999999999999,0.0,1.0,0.0,1.0,1.0,0.0,0.0,0.6662797360492413,1.0
206,0.4999999999999999,1.0,0.0,0.0,0.0,1.0,0.0,0.0,0.28806121883144487,1.0
207,0.4999999999999999,1.0,0.0,1.0,0.0,1.0,0.0,0.0,0.37998188573224156,1.0
208,0.8333333333333334,0.0,0.0,1.0,1.0,1.0,0.0,1.0,0.2583686068649378,0.0
209,0.8333333333333334,1.0,1.0,0.0,0.0,0.0,0.0,0.0,0.48653814162399955,1.0
210,0.0,1.0,1.0,0.0,0.0,1.0,0.0,1.0,0.3987172140995545,1.0
211,0.6666666666666666,0.0,0.0,0.0,0.0,1.0,1.0,1.0,0.2587900408495222,1.0
212,0.16666666666666663,1.0,0.0,0.0,0.0,1.0,0.0,1.0,0.1758377848838284,0.5
213,0.6666666666666666,0.0,0.0,0.0,1.0,1.0,0.0,0.0,0.2763534869965435,1.0
214,0.9999999999999999,1.0,0.0,0.0,0.0,0.0,0.0,0.0,0.26581394059259533,1.0
215,0.6666666666666666,1.0,1.0,0.0,0.0,1.0,0.0,0.0,0.6621799966728896,1.0
216,0.6666666666666666,1.0,0.0,1.0,0.0,1.0,0.0,0.0,0.42799208887081575,1.0
217,0.6666666666666666,1.0,0.0,0.0,0.0,1.0,0.0,0.0,0.33489953974972736,1.0
218,0.0,1.0,0.0,1.0,0.0,0.0,0.0,1.0,0.1002162621762999,0.5
219,0.6666666666666666,0.0,1.0,1.0,0.0,0.0,1.0,0.0,0.21660597770836026,0.0
220,0.4999999999999999,0.0,0.0,0.0,1.0,1.0,0.0,0.0,0.2312711410140293,1.0
221,0.4999999999999999,1.0,0.0,1.0,0.0,1.0,0.0,1.0,0.24782906046098963,0.0
222,0.4999999999999999,1.0,0.0,0.0,0.0,1.0,0.0,0.0,0.2915768654923199,1.0
223,0.6666666666666666,1.0,0.0,1.0,0.0,1.0,0.0,0.0,0.34171641928984675,0.5
224,0.6666666666666666,0.0,0.0,0.0,1.0,1.0,0.0,0.0,0.2751816047762518,1.0
225,0.4999999999999999,0.0,0.0,0.0,1.0,1.0,0.0,0.0,0.17827766584721172,0.5
226,0.4999999999999999,1.0,0.0,0.0,0.0,1.0,0.0,1.0,0.18226280475407108,0.0
227,0.6666666666666666,1.0,0.0,1.0,0.0,0.0,0.0,0.0,0.20364503428772113,0.5
228,0.4999999999999999,1.0,0.0,0.0,0.0,1.0,0.0,0.0,0.2226724090127724,0.5
229,0.6666666666666666,0.0,0.0,0.0,1.0,1.0,0.0,0.0,0.14206391748766195,0.0
230,0.8333333333333334,0.0,1.0,0.0,1.0,1.0,0.0,1.0,0.5407700412192011,0.5
231,0.8333333333333334,1.0,0.0,0.0,0.0,1.0,0.0,1.0,0.4262324171457089,1.0
232,0.16666666666666663,1.0,0.0,0.0,0.0,0.0,0.0,0.0,0.07728507790983531,0.5
233,0.6666666666666666,1.0,0.0,1.0,0.0,1.0,0.0,0.0,0.42916027430176895,1.0
234,0.8333333333333334,1.0,0.0,0.0,0.0,0.0,0.0,1.0,0.2710818653999002,1.0
235,0.33333333333333337,1.0,0.0,0.0,0.0,1.0,0.0,0.0,0.2500064693813423,1.0
236,0.16666666666666663,1.0,0.0,0.0,0.0,1.0,0.0,0.0,0.09600931590913293,0.0
237,0.6666666666666666,0.0,1.0,0.0,1.0,1.0,0.0,1.0,0.4939354170902571,0.5
238,0.4999999999999999,1.0,1.0,0.0,0.0,0.0,0.0,0.0,0.29536607456424097,0.5
239,0.8333333333333334,1.0,1.0,0.0,0.0,1.0,0.0,0.0,0.43984769227925546,0.0
240,0.8333333333333334,1.0,1.0,0.0,0.0,1.0,0.0,0.0,0.5802887192473337,0.5
241,0.33333333333333337,0.0,0.0,0.0,1.0,1.0,0.0,1.0,0.2312711410140293,1.0
242,0.6666666666666666,0.0,0.0,0.0,1.0,1.0,0.0,0.0,0.2734256298404835,1.0
243,0.6666666666666666,0.0,0.0,0.0,1.0,1.0,0.0,0.0,0.2763534869965435,1.0
244,0.0,1.0,0.0,0.0,0.0,1.0,0.0,0.0,0.16862534888449382,1.0
245,0.33333333333333337,0.0,1.0,1.0,0.0,1.0,1.0,0.0,0.4525794347609101,1.0
246,0.4999999999999999,1.0,0.0,0.0,0.0,0.0,0.0,0.0,0.176237038132382,1.0
247,0.6666666666666666,0.0,1.0,0.0,1.0,1.0,0.0,0.0,0.5456719838819984,1.0
248,0.4999999999999999,0.0,0.0,0.0,1.0,1.0,0.0,0.0,0.23653906582133416,1.0
249,0.0,0.0,0.0,0.0,1.0,1.0,0.0,0.0,0.12471488512227132,1.0
250,0.6666666666666666,1.0,0.0,1.0,0.0,1.0,0.0,0.0,0.42916027430176895,1.0
251,0.6666666666666666,0.0,0.0,0.0,0.0,1.0,1.0,1.0,0.19486515960887968,0.5
252,0.6666666666666666,1.0,0.0,0.0,0.0,1.0,0.0,0.0,0.2568233489214617,0.5
253,0.4999999999999999,0.0,0.0,1.0,1.0,1.0,0.0,0.0,0.3009445296759764,1.0
254,0.6666666666666666,0.0,0.0,1.0,0.0,1.0,1.0,1.0,0.33607142197001905,1.0
255,0.6666666666666666,0.0,0.0,0.0,1.0,0.0,0.0,1.0,0.19087262712334335,1.0
256,0.6666666666666666,1.0,0.0,0.0,0.0,1.0,0.0,0.0,0.3407552540618473,1.0
257,0.6666666666666666,1.0,0.0,0.0,0.0,1.0,0.0,0.0,0.18226280475407108,0.0
258,0.9999999999999999,1.0,1.0,0.0,0.0,0.0,0.0,0.0,0.3223748174710264,0.0
259,0.4999999999999999,1.0,1.0,0.0,0.0,1.0,0.0,0.0,0.5813829688915177,1.0
260,0.4999999999999999,1.0,0.0,0.0,0.0,1.0,0.0,0.0,0.29040498327202824,1.0
261,0.4999999999999999,1.0,0.0,0.0,0.0,0.0,0.0,1.0,0.1553464815807471,0.5
262,0.8333333333333334,0.0,0.0,0.0,1.0,1.0,0.0,0.0,0.16743128592817136,0.0
263,0.0,0.0,1.0,0.0,0.0,1.0,1.0,0.0,0.2423947801334541,1.0
264,0.9999999999999999,0.0,0.0,0.0,0.0,0.0,1.0,0.0,0.1709691133250772,1.0
265,0.6666666666666666,1.0,0.0,0.0,0.0,0.0,0.0,0.0,0.21019574499547145,1.0
266,0.6666666666666666,1.0,0.0,0.0,0.0,0.0,0.0,1.0,0.23712685532614924,1.0
267,0.33333333333333337,0.0,0.0,0.0,1.0,1.0,0.0,0.0,0.1943882737842184,1.0
268,0.6666666666666666,0.0,0.0,1.0,1.0,1.0,0.0,0.0,0.35480675033733206,1.0
269,0.4999999999999999,1.0,1.0,1.0,0.0,1.0,0.0,0.0,0.727753645958485,1.0
270,0.0,0.0,0.0,1.0,0.0,0.0,1.0,1.0,0.04801389992791262,0.5
271,0.6666666666666666,1.0,0.0,0.0,0.0,1.0,0.0,0.0,0.18304282730448607,0.0
272,0.4999999999999999,1.0,1.0,1.0,0.0,1.0,0.0,0.0,0.4417995970499621,0.0
273,0.0,0.0,0.0,0.0,1.0,0.0,0.0,1.0,0.043622114193822684,0.5
274,0.4999999999999999,0.0,0.0,1.0,1.0,1.0,0.0,0.0,0.2997726474556847,1.0
275,0.8333333333333334,0.0,0.0,0.0,1.0,0.0,0.0,0.0,0.18502060960056194,1.0
276,0.8333333333333334,1.0,1.0,0.0,0.0,1.0,0.0,1.0,0.8009389844919688,1.0
277,0.8333333333333334,0.0,0.0,0.0,1.0,1.0,0.0,1.0,0.35480675033733206,1.0
278,0.4999999999999999,0.0,0.0,0.0,0.0,1.0,1.0,0.0,0.19497236649969502,1.0
279,0.33333333333333337,1.0,0.0,0.0,0.0,1.0,0.0,0.0,0.25469030147317057,1.0
280,0.6666666666666666,1.0,0.0,1.0,0.0,1.0,0.0,0.0,0.4332600136781205,1.0
281,0.33333333333333337,1.0,0.0,0.0,0.0,1.0,0.0,0.0,0.18900944529675978,0.5
282,0.4999999999999999,0.0,0.0,1.0,0.0,1.0,1.0,0.0,0.2529343265374023,1.0
283,0.4999999999999999,0.0,0.0,1.0,1.0,1.0,0.0,1.0,0.2660948965823183,0.5
284,0.4999999999999999,1.0,1.0,1.0,0.0,0.0,0.0,0.0,0.47482671299975976,1.0
285,0.9999999999999999,0.0,0.0,0.0,0.0,1.0,1.0,1.0,0.33255947209848247,1.0
286,0.8333333333333334,1.0,0.0,0.0,0.0,1.0,0.0,0.0,0.38232195338348646,1.0
287,0.4999999999999999,1.0,0.0,0.0,0.0,1.0,0.0,0.0,0.29274505092327313,1.0
288,0.4999999999999999,1.0,0.0,1.0,0.0,0.0,0.0,0.0,0.17290992772776842,0.5
289,0.4999999999999999,1.0,0.0,1.0,0.0,0.0,0.0,0.0,0.2312711410140293,1.0
290,0.6666666666666666,0.0,0.0,0.0,0.0,1.0,1.0,0.0,0.11162085728544759,0.0
291,0.8333333333333334,0.0,0.0,0.0,1.0,1.0,0.0,1.0,0.27097465850908486,0.5
292,0.9999999999999999,0.0,0.0,0.0,0.0,0.0,1.0,0.0,0.12265947025008782,0.5
293,0.6666666666666666,1.0,1.0,0.0,0.0,1.0,0.0,1.0,0.733609360270605,1.0
294,0.4999999999999999,1.0,0.0,1.0,0.0,0.0,0.0,1.0,0.2740097225559601,1.0
295,0.4999999999999999,0.0,0.0,1.0,1.0,0.0,0.0,0.0,0.18209275244450196,1.0
296,0.6666666666666666,1.0,1.0,0.0,0.0,0.0,0.0,1.0,0.4935620413670727,1.0
297,0.6666666666666666,0.0,0.0,0.0,1.0,1.0,0.0,0.0,0.2710818653999002,1.0
298,0.4999999999999999,0.0,0.0,0.0,1.0,1.0,0.0,0.0,0.23244302323432098,1.0
299,0.4999999999999999,1.0,1.0,0.0,0.0,1.0,0.0,0.0,0.5714312119923847,1.0
300,0.16666666666666663,1.0,1.0,1.0,0.0,1.0,0.0,0.0,0.5497680264690117,1.0
301,0.4999999999999999,1.0,0.0,0.0,0.0,1.0,0.0,1.0,0.34017116134637065,1.0
302,0.16666666666666663,0.0,1.0,0.0,1.0,1.0,0.0,1.0,0.3212251159867655,0.5
303,0.9999999999999999,0.0,1.0,0.0,1.0,1.0,0.0,1.0,0.7482449492615664,1.0
304,0.6666666666666666,0.0,0.0,0.0,0.0,1.0,1.0,0.0,0.22014750189460452,1.0
305,0.4999999999999999,0.0,0.0,0.0,0.0,1.0,1.0,0.0,0.14217482116781577,0.5
306,0.6666666666666666,0.0,1.0,0.0,1.0,1.0,0.0,0.0,0.43831722149313324,0.5
307,0.4999999999999999,0.0,0.0,0.0,1.0,1.0,0.0,0.0,0.23712685532614924,1.0
308,0.4999999999999999,1.0,1.0,1.0,0.0,1.0,0.0,0.0,0.5793127668619804,0.5
309,0.8333333333333334,1.0,1.0,0.0,0.0,0.0,0.0,1.0,0.5421563372211234,1.0
310,0.6666666666666666,1.0,0.0,1.0,0.0,1.0,0.0,0.0,0.42096449233840405,1.0
311,0.9999999999999999,1.0,0.0,0.0,0.0,0.0,0.0,1.0,0.2348718138296889,0.5
312,0.8333333333333334,1.0,0.0,0.0,0.0,1.0,0.0,0.0,0.21231400528640876,0.0
313,0.33333333333333337,0.0,0.0,0.0,1.0,1.0,0.0,1.0,0.2254154267019094,1.0
314,0.0,0.0,0.0,0.0,1.0,1.0,0.0,0.0,0.08704460176336852,0.5
315,0.9999999999999999,0.0,0.0,0.0,0.0,0.0,1.0,0.0,0.1703813238202621,1.0
316,0.33333333333333337,0.0,0.0,0.0,0.0,0.0,1.0,0.0,0.04801389992791262,0.5
317,0.9999999999999999,0.0,0.0,0.0,0.0,1.0,1.0,0.0,0.1541598122031016,0.0
318,0.4999999999999999,1.0,1.0,0.0,0.0,0.0,0.0,1.0,0.42564832443023237,1.0
319,0.6666666666666666,0.0,1.0,1.0,1.0,1.0,0.0,0.0,0.41370030128833113,0.0
320,0.8333333333333334,1.0,1.0,1.0,0.0,1.0,0.0,1.0,1.0000000000000002,1.0
321,0.4999999999999999,0.0,0.0,0.0,1.0,0.0,0.0,0.0,0.04917469178018892,0.0
322,0.4999999999999999,1.0,0.0,0.0,0.0,1.0,0.0,0.0,0.2974288830151014,1.0
323,0.0,1.0,0.0,1.0,0.0,1.0,0.0,1.0,0.2505905620968189,1.0
324,0.4999999999999999,0.0,0.0,1.0,1.0,1.0,0.0,0.0,0.3056246649784662,1.0
325,0.4999999999999999,1.0,1.0,0.0,0.0,1.0,0.0,0.0,0.5831426406166245,1.0
326,0.6666666666666666,1.0,0.0,0.0,0.0,1.0,0.0,0.0,0.183822849854901,0.0
327,0.16666666666666663,0.0,0.0,0.0,1.0,1.0,0.0,0.0,0.11680375593796789,0.5
328,0.9999999999999999,1.0,1.0,0.0,0.0,0.0,0.0,1.0,0.36100996284726716,0.0
329,0.8333333333333334,1.0,0.0,0.0,0.0,1.0,0.0,0.0,0.3741261714201216,1.0
330,0.6666666666666666,0.0,0.0,0.0,0.0,0.0,1.0,0.0,0.12354300290197963,1.0
331,0.9999999999999999,0.0,0.0,0.0,1.0,0.0,0.0,0.0,0.21487957708729966,1.0
332,0.9999999999999999,0.0,0.0,0.0,1.0,0.0,0.0,0.0,0.21253581264671634,1.0
333,0.33333333333333337,0.0,0.0,0.0,1.0,1.0,0.0,0.0,0.20024029130699988,1.0
334,0.6666666666666666,1.0,1.0,1.0,0.0,1.0,0.0,1.0,0.9110071902552633,1.0
335,0.4999999999999999,0.0,0.0,1.0,1.0,1.0,0.0,0.0,0.31030849707029445,1.0
336,0.8333333333333334,0.0,1.0,1.0,0.0,1.0,1.0,0.0,0.6498844753331732,1.0
337,0.6666666666666666,0.0,1.0,0.0,1.0,0.0,0.0,0.0,0.357734607493392,1.0
338,0.4999999999999999,0.0,1.0,1.0,0.0,1.0,1.0,1.0,0.4656364947043493,0.5
339,0.8333333333333334,0.0,0.0,0.0,1.0,0.0,0.0,1.0,0.21663555202306795,1.0
340,0.4999999999999999,0.0,0.0,0.0,0.0,0.0,1.0,1.0,0.12354300290197963,1.0
341,0.8333333333333334,0.0,1.0,0.0,1.0,1.0,0.0,0.0,0.37037762703092364,0.0
342,0.6666666666666666,0.0,0.0,0.0,0.0,1.0,1.0,0.0,0.11006081218461768,0.0
343,0.16666666666666663,1.0,0.0,1.0,0.0,1.0,0.0,1.0,0.170163213249293,0.0
344,0.33333333333333337,0.0,1.0,1.0,1.0,1.0,0.0,0.0,0.5339605552577587,1.0
345,0.6666666666666666,1.0,0.0,1.0,0.0,1.0,0.0,0.0,0.4320881314578289,1.0
346,0.9999999999999999,0.0,0.0,1.0,1.0,1.0,0.0,0.0,0.3441563002532301,0.5
347,0.0,1.0,0.0,0.0,0.0,1.0,0.0,1.0,0.19555645921517162,1.0
348,0.8333333333333334,0.0,0.0,1.0,1.0,1.0,0.0,0.0,0.38817766769560635,1.0
349,0.4999999999999999,0.0,1.0,1.0,0.0,1.0,1.0,0.0,0.5187371767619823,1.0
350,0.33333333333333337,1.0,1.0,0.0,0.0,0.0,0.0,0.0,0.3296316149424225,1.0
351,0.4999999999999999,0.0,0.0,0.0,1.0,1.0,0.0,0.0,0.177789689654535,0.5
352,0.4999999999999999,0.0,0.0,1.0,1.0,1.0,0.0,0.0,0.23633204561838045,0.5
353,0.8333333333333334,1.0,1.0,0.0,0.0,1.0,0.0,1.0,0.6500545276427423,0.5
354,0.4999999999999999,0.0,0.0,0.0,1.0,1.0,0.0,0.0,0.23829873754644093,1.0
355,0.16666666666666663,0.0,1.0,0.0,0.0,1.0,1.0,0.0,0.22950407571024567,0.5
356,0.6666666666666666,0.0,0.0,1.0,1.0,1.0,0.0,0.0,0.26853477754570154,0.5
357,0.33333333333333337,1.0,0.0,0.0,0.0,1.0,0.0,0.0,0.2535184192528789,1.0
358,0.0,1.0,0.0,0.0,0.0,1.0,0.0,0.0,0.0690782055784551,0.0
359,0.4999999999999999,1.0,0.0,0.0,0.0,1.0,0.0,1.0,0.3337276575294357,1.0
360,0.6666666666666666,1.0,0.0,0.0,0.0,1.0,0.0,0.0,0.18850668194672926,0.0
361,0.8333333333333334,0.0,0.0,0.0,0.0,0.0,1.0,1.0,0.1785771057836269,1.0
362,0.6666666666666666,1.0,0.0,0.0,0.0,1.0,0.0,1.0,0.38642169275983806,1.0
363,0.4999999999999999,0.0,0.0,1.0,1.0,1.0,0.0,0.0,0.16508752148758804,0.0
364,0.4999999999999999,0.0,0.0,1.0,0.0,1.0,1.0,0.0,0.1870575405260531,0.5
365,0.4999999999999999,1.0,0.0,0.0,0.0,1.0,0.0,0.0,0.2986007652353931,1.0
366,0.33333333333333337,0.0,1.0,0.0,1.0,0.0,0.0,1.0,0.3056246649784662,1.0
367,0.9999999999999999,1.0,0.0,0.0,0.0,1.0,0.0,0.0,0.4233082567789874,1.0
368,0.9999999999999999,1.0,0.0,0.0,0.0,1.0,0.0,1.0,0.47307073806399147,1.0
369,0.33333333333333337,1.0,1.0,0.0,0.0,0.0,0.0,1.0,0.21504593260753035,0.0
370,0.4999999999999999,1.0,0.0,0.0,0.0,1.0,0.0,0.0,0.2915768654923199,1.0
371,0.6666666666666666,1.0,1.0,0.0,0.0,1.0,0.0,0.0,0.6463725254616366,1.0
372,0.0,0.0,1.0,1.0,1.0,1.0,0.0,1.0,0.3290290382802536,0.5
373,0.33333333333333337,0.0,0.0,0.0,0.0,0.0,1.0,0.0,0.016783423596606353,0.0
374,0.6666666666666666,1.0,0.0,1.0,0.0,0.0,0.0,0.0,0.2051089628657511,0.5
375,0.8333333333333334,0.0,1.0,0.0,0.0,1.0,1.0,1.0,0.586066800983346,1.0
376,0.16666666666666663,0.0,0.0,0.0,1.0,1.0,0.0,0.0,0.16042956692112897,1.0
377,0.4999999999999999,1.0,0.0,0.0,0.0,1.0,0.0,0.0,0.2939169331435648,1.0
378,0.0,0.0,0.0,1.0,0.0,1.0,1.0,0.0,0.13466664202140438,1.0
379,0.8333333333333334,0.0,1.0,1.0,1.0,1.0,0.0,0.0,0.7593685883809911,1.0
380,0.33333333333333337,1.0,0.0,1.0,0.0,1.0,0.0,0.0,0.3302157076578991,1.0
381,0.6666666666666666,1.0,1.0,0.0,0.0,1.0,0.0,0.0,0.531010517365668,0.5
382,0.33333333333333337,0.0,0.0,0.0,1.0,1.0,0.0,0.0,0.14266279736049242,0.5
383,0.4999999999999999,1.0,0.0,1.0,0.0,0.0,0.0,1.0,0.13894013049666365,0.0
384,0.4999999999999999,0.0,0.0,0.0,0.0,1.0,1.0,0.0,0.13875898781907914,0.5
385,0.6666666666666666,0.0,0.0,0.0,0.0,1.0,1.0,0.0,0.2213193841148962,1.0
386,0.4999999999999999,1.0,1.0,0.0,0.0,1.0,0.0,0.0,0.5755309513687362,1.0
387,0.16666666666666663,1.0,0.0,1.0,0.0,1.0,0.0,0.0,0.27166965490471523,1.0
388,0.6666666666666666,1.0,0.0,0.0,0.0,0.0,0.0,0.0,0.20843607327036467,1.0
389,0.8333333333333334,1.0,0.0,0.0,0.0,1.0,0.0,0.0,0.38349383560377814,1.0
390,0.4999999999999999,0.0,0.0,0.0,1.0,1.0,0.0,0.0,0.23946692297739414,1.0
391,0.8333333333333334,0.0,1.0,0.0,0.0,0.0,1.0,0.0,0.183822849854901,0.0
392,0.6666666666666666,0.0,0.0,0.0,1.0,1.0,0.0,0.0,0.2704977726844236,1.0
393,0.9999999999999999,0.0,1.0,0.0,1.0,1.0,0.0,0.0,0.664523761113473,1.0
394,0.8333333333333334,1.0,0.0,1.0,0.0,1.0,0.0,0.0,0.2798321657640339,0.0
395,0.6666666666666666,0.0,0.0,0.0,0.0,1.0,1.0,0.0,0.10927709284486424,0.0
396,0.4999999999999999,0.0,1.0,0.0,1.0,1.0,0.0,0.0,0.2833441156355705,0.0
397,0.16666666666666663,0.0,0.0,0.0,0.0,0.0,1.0,0.0,0.0011718822202916868,0.0
398,0.0,0.0,1.0,1.0,1.0,1.0,0.0,0.0,0.29536607456424097,0.5
399,0.16666666666666663,1.0,0.0,0.0,0.0,1.0,0.0,0.0,0.15778636254413042,0.5
400,0.16666666666666663,0.0,0.0,1.0,0.0,0.0,1.0,1.0,0.11359124600284655,1.0
401,0.0,1.0,1.0,0.0,0.0,1.0,0.0,0.0,0.36183065008040516,1.0
402,0.4999999999999999,0.0,0.0,0.0,0.0,1.0,1.0,0.0,0.13875898781907914,0.5
403,0.4999999999999999,1.0,1.0,0.0,0.0,1.0,0.0,0.0,0.5714312119923847,1.0
404,0.4999999999999999,0.0,0.0,0.0,0.0,0.0,1.0,0.0,0.06801722703831724,0.5
405,0.8333333333333334,0.0,1.0,0.0,1.0,1.0,0.0,1.0,0.6703757786362544,1.0
406,0.33333333333333337,0.0,0.0,0.0,1.0,0.0,0.0,0.0,0.10890741391101828,1.0
407,0.0,0.0,0.0,1.0,1.0,1.0,0.0,0.0,0.16686937394872553,1.0
408,0.6666666666666666,0.0,0.0,0.0,0.0,0.0,1.0,0.0,0.04566274190865234,0.0
409,0.4999999999999999,1.0,0.0,0.0,0.0,1.0,0.0,0.0,0.2285281233248923,0.5
410,0.0,1.0,0.0,1.0,0.0,0.0,0.0,1.0,0.10314411933235985,0.5
411,0.8333333333333334,1.0,0.0,1.0,0.0,1.0,0.0,1.0,0.32159479492061144,0.0
412,0.9999999999999999,1.0,1.0,0.0,0.0,0.0,0.0,1.0,0.36530563205855715,0.0
413,0.4999999999999999,0.0,0.0,1.0,0.0,1.0,1.0,0.0,0.13074434853329886,0.0
414,0.8333333333333334,0.0,1.0,0.0,1.0,1.0,0.0,1.0,0.41682039148999095,0.0
415,0.6666666666666666,1.0,0.0,0.0,0.0,0.0,0.0,0.0,0.15583445777342375,0.5
416,0.8333333333333334,0.0,0.0,0.0,1.0,0.0,0.0,0.0,0.18443282009574685,1.0
417,0.16666666666666663,0.0,0.0,0.0,0.0,1.0,1.0,0.0,0.12939871721409957,1.0
418,0.6666666666666666,1.0,0.0,0.0,0.0,1.0,0.0,1.0,0.38642169275983806,1.0
419,0.6666666666666666,1.0,1.0,0.0,0.0,1.0,0.0,0.0,0.6446165505258683,1.0
420,0.4999999999999999,1.0,1.0,0.0,0.0,1.0,0.0,0.0,0.5872386832036377,1.0
421,0.4999999999999999,1.0,0.0,0.0,0.0,1.0,0.0,0.0,0.1572835991940999,0.0
422,0.6666666666666666,0.0,0.0,0.0,1.0,1.0,0.0,0.0,0.2734256298404835,1.0
423,0.4999999999999999,1.0,0.0,0.0,0.0,1.0,0.0,0.0,0.29274505092327313,1.0
424,0.9999999999999999,0.0,1.0,1.0,0.0,1.0,1.0,0.0,0.7142862423984769,1.0
425,0.8333333333333334,1.0,0.0,0.0,0.0,1.0,0.0,0.0,0.38349383560377814,1.0
426,0.0,0.0,0.0,0.0,1.0,0.0,0.0,0.0,0.0544574037448476,1.0
427,0.4999999999999999,1.0,1.0,0.0,0.0,1.0,0.0,0.0,0.5790429012402728,1.0
428,0.0,1.0,0.0,0.0,0.0,1.0,0.0,1.0,0.09093732093676642,0.0
429,0.8333333333333334,0.0,0.0,0.0,1.0,1.0,0.0,0.0,0.2348718138296889,0.5
430,0.4999999999999999,0.0,0.0,0.0,0.0,1.0,1.0,0.0,0.08625348884493818,0.0
431,0.6666666666666666,0.0,0.0,1.0,1.0,1.0,0.0,0.0,0.3489510360252121,1.0
432,0.9999999999999999,1.0,0.0,0.0,0.0,0.0,0.0,1.0,0.30914031163934125,1.0
433,0.16666666666666663,1.0,1.0,1.0,0.0,1.0,0.0,0.0,0.43294948337369,0.5
434,0.8333333333333334,1.0,0.0,0.0,0.0,1.0,0.0,1.0,0.4262324171457089,1.0
435,0.6666666666666666,0.0,0.0,0.0,0.0,1.0,1.0,0.0,0.21956340917912792,1.0
436,0.8333333333333334,1.0,0.0,0.0,0.0,1.0,0.0,0.0,0.3741261714201216,1.0
437,0.6666666666666666,1.0,0.0,0.0,0.0,1.0,0.0,0.0,0.26267906323358164,0.5
438,0.4999999999999999,1.0,1.0,0.0,0.0,1.0,0.0,0.0,0.5813829688915177,1.0
439,0.6666666666666666,0.0,0.0,1.0,0.0,0.0,1.0,0.0,0.17506515591209032,1.0
440,0.0,1.0,1.0,0.0,0.0,1.0,0.0,0.0,0.2807304855732796,0.5
441,0.4999999999999999,1.0,0.0,1.0,0.0,1.0,0.0,0.0,0.37061422154858503,1.0
442,0.0,1.0,1.0,0.0,0.0,1.0,0.0,0.0,0.3676863643925251,1.0
443,0.33333333333333337,0.0,0.0,0.0,1.0,1.0,0.0,0.0,0.19380048427940333,1.0
444,0.4999999999999999,0.0,0.0,1.0,1.0,1.0,0.0,1.0,0.34426720393338384,1.0
445,0.4999999999999999,0.0,1.0,1.0,1.0,1.0,0.0,1.0,0.661595903957413,1.0
446,0.8333333333333334,0.0,0.0,0.0,0.0,0.0,1.0,0.0,0.06166244616550527,0.0
447,0.16666666666666663,1.0,1.0,1.0,0.0,1.0,0.0,0.0,0.5380602946341103,1.0
448,0.0,1.0,0.0,0.0,0.0,1.0,0.0,0.0,0.07454206022069833,0.0
449,0.8333333333333334,1.0,0.0,0.0,0.0,1.0,0.0,0.0,0.3752980536404133,1.0
450,0.0,1.0,0.0,0.0,0.0,0.0,0.0,0.0,0.04801389992791262,0.5
451,0.4999999999999999,0.0,0.0,0.0,1.0,1.0,0.0,0.0,0.1182565941479825,0.0
452,0.8333333333333334,1.0,0.0,1.0,0.0,1.0,0.0,0.0,0.47365852756880644,1.0
453,0.4999999999999999,1.0,1.0,0.0,0.0,1.0,0.0,0.0,0.5848986155523928,1.0
454,0.6666666666666666,1.0,0.0,0.0,0.0,1.0,0.0,0.0,0.33724330419031073,1.0
455,0.33333333333333337,0.0,0.0,0.0,1.0,1.0,0.0,0.0,0.20024029130699988,1.0
456,0.16666666666666663,0.0,1.0,0.0,1.0,1.0,0.0,1.0,0.3957893569434946,1.0
457,0.9999999999999999,0.0,0.0,1.0,1.0,0.0,0.0,1.0,0.24853145043529695,0.5
458,0.9999999999999999,1.0,1.0,1.0,0.0,1.0,0.0,0.0,0.9724811001645072,1.0
459,0.0,1.0,0.0,0.0,0.0,1.0,0.0,0.0,0.16628528123324893,1.0
460,0.0,0.0,0.0,0.0,1.0,1.0,0.0,0.0,0.12881462449862296,1.0
461,0.4999999999999999,0.0,0.0,0.0,0.0,0.0,1.0,0.0,0.0660653222676106,0.5
462,0.4999999999999999,0.0,0.0,0.0,1.0,1.0,0.0,0.0,0.11630468937727585,0.0
463,0.6666666666666666,0.0,0.0,0.0,0.0,0.0,1.0,0.0,0.12705864956285468,1.0
464,0.9999999999999999,1.0,1.0,0.0,0.0,1.0,0.0,0.0,0.5003419530138075,0.0
465,0.0,0.0,0.0,0.0,0.0,1.0,1.0,0.0,0.09134396776399699,1.0
466,0.4999999999999999,1.0,0.0,0.0,0.0,0.0,0.0,1.0,0.09678933845954789,0.0
467,0.6666666666666666,0.0,0.0,0.0,1.0,1.0,0.0,0.0,0.2722537476201919,1.0
468,0.33333333333333337,1.0,0.0,0.0,0.0,1.0,0.0,0.0,0.19388920722352637,0.5
469,0.8333333333333334,0.0,0.0,0.0,0.0,1.0,1.0,1.0,0.2939169331435648,1.0
470,0.9999999999999999,1.0,0.0,0.0,0.0,1.0,0.0,1.0,0.28256409308515557,0.0
471,0.33333333333333337,0.0,0.0,1.0,0.0,1.0,1.0,0.0,0.15583445777342375,0.5
472,0.6666666666666666,0.0,1.0,0.0,1.0,1.0,0.0,0.0,0.5427441267259385,1.0
473,0.4999999999999999,0.0,0.0,0.0,0.0,1.0,1.0,0.0,0.08898541616605977,0.0
474,0.16666666666666663,0.0,0.0,0.0,1.0,1.0,0.0,0.0,0.11143601781852462,0.5
475,0.16666666666666663,1.0,0.0,0.0,0.0,0.0,0.0,0.0,0.07826103029518865,0.5
476,0.4999999999999999,1.0,0.0,0.0,0.0,1.0,0.0,0.0,0.2950888153638565,1.0
477,0.4999999999999999,1.0,0.0,1.0,0.0,0.0,0.0,0.0,0.23244302323432098,1.0
478,0.6666666666666666,0.0,0.0,0.0,1.0,1.0,0.0,1.0,0.16821130847858634,0.0
479,0.8333333333333334,0.0,0.0,0.0,1.0,0.0,0.0,0.0,0.18970444169239015,1.0
480,0.8333333333333334,1.0,0.0,0.0,0.0,1.0,0.0,0.0,0.38349383560377814,1.0
481,0.9999999999999999,1.0,0.0,0.0,0.0,0.0,0.0,1.0,0.16703942625829465,0.0
482,0.33333333333333337,1.0,0.0,0.0,0.0,1.0,0.0,1.0,0.28162141180384836,1.0
483,0.4999999999999999,0.0,0.0,0.0,1.0,1.0,0.0,0.0,0.23712685532614924,1.0
484,0.4999999999999999,0.0,0.0,0.0,1.0,0.0,0.0,1.0,0.15867359198536068,1.0
485,0.4999999999999999,0.0,0.0,1.0,1.0,1.0,0.0,0.0,0.304456479547513,1.0
486,0.4999999999999999,0.0,0.0,1.0,0.0,1.0,1.0,1.0,0.29098907598750484,1.0
487,0.8333333333333334,1.0,0.0,0.0,0.0,1.0,0.0,0.0,0.376469935860705,1.0
488,0.4999999999999999,0.0,0.0,0.0,0.0,1.0,1.0,0.0,0.08937357904659803,0.0
489,0.33333333333333337,0.0,0.0,0.0,1.0,0.0,0.0,0.0,0.10597955675495833,1.0
490,0.8333333333333334,1.0,0.0,1.0,0.0,0.0,0.0,0.0,0.16547938115746474,0.0
491,0.16666666666666663,1.0,1.0,0.0,0.0,1.0,0.0,1.0,0.49005009149553613,1.0
492,0.33333333333333337,0.0,1.0,1.0,1.0,0.0,0.0,0.0,0.18577475462560766,0.0
493,0.6666666666666666,0.0,0.0,0.0,1.0,1.0,0.0,1.0,0.31323635422635443,1.0
494,0.6666666666666666,1.0,0.0,1.0,0.0,1.0,0.0,0.0,0.24822092013086633,0.0
495,0.4999999999999999,0.0,0.0,0.0,0.0,1.0,1.0,0.0,0.19146041662815844,1.0
496,0.9999999999999999,0.0,0.0,1.0,0.0,0.0,1.0,0.0,0.11396092493669248,0.0
497,0.4999999999999999,0.0,1.0,0.0,1.0,1.0,0.0,0.0,0.48185430953217134,1.0
498,0.6666666666666666,0.0,0.0,0.0,1.0,1.0,0.0,0.0,0.2722537476201919,1.0
499,0.4999999999999999,0.0,1.0,0.0,1.0,1.0,0.0,0.0,0.47482671299975976,1.0
500,0.6666666666666666,0.0,0.0,1.0,0.0,0.0,1.0,0.0,0.1738932736917987,1.0
501,0.4999999999999999,0.0,0.0,0.0,1.0,0.0,0.0,0.0,0.09533650024953329,0.5
502,0.8333333333333334,0.0,0.0,0.0,1.0,1.0,0.0,0.0,0.3050405722629896,1.0
503,0.6666666666666666,1.0,1.0,1.0,0.0,1.0,0.0,1.0,0.890515886952182,1.0
504,0.4999999999999999,0.0,0.0,0.0,1.0,0.0,0.0,0.0,0.09240864309347334,0.5
505,0.16666666666666663,1.0,0.0,0.0,0.0,1.0,0.0,0.0,0.10147317055137613,0.0
506,0.16666666666666663,1.0,0.0,1.0,0.0,1.0,0.0,0.0,0.2740097225559601,1.0
507,0.4999999999999999,1.0,1.0,0.0,0.0,1.0,0.0,0.0,0.34227833126929263,0.0
508,0.6666666666666666,0.0,0.0,0.0,1.0,1.0,0.0,0.0,0.2710818653999002,1.0
509,0.16666666666666663,1.0,0.0,1.0,0.0,1.0,0.0,0.0,0.2675699155283636,1.0
510,0.4999999999999999,0.0,1.0,0.0,0.0,1.0,1.0,0.0,0.40808487828321105,1.0
511,0.8333333333333334,1.0,0.0,0.0,0.0,1.0,0.0,0.0,0.29536607456424097,0.5
512,0.6666666666666666,1.0,0.0,0.0,0.0,1.0,0.0,1.0,0.3846657178240698,1.0
513,0.8333333333333334,1.0,1.0,0.0,0.0,0.0,0.0,0.0,0.4894659987800595,1.0
514,0.8333333333333334,0.0,0.0,0.0,1.0,1.0,0.0,0.0,0.30914031163934125,1.0
515,0.6666666666666666,1.0,1.0,0.0,0.0,1.0,0.0,0.0,0.6522282397737565,1.0
516,0.9999999999999999,0.0,0.0,0.0,1.0,1.0,0.0,0.0,0.3448549934381989,1.0
517,0.6666666666666666,0.0,0.0,0.0,1.0,1.0,0.0,0.0,0.20364503428772113,0.5
518,0.4999999999999999,0.0,0.0,1.0,1.0,1.0,0.0,0.0,0.3067965471987579,1.0
519,0.8333333333333334,0.0,0.0,1.0,0.0,1.0,1.0,0.0,0.259263229884845,0.5
520,0.6666666666666666,0.0,1.0,1.0,0.0,1.0,1.0,1.0,0.6370048612779801,1.0
521,0.6666666666666666,1.0,0.0,0.0,0.0,1.0,0.0,1.0,0.38232195338348646,1.0
522,0.9999999999999999,0.0,0.0,1.0,1.0,1.0,0.0,1.0,0.38708711484076075,0.5
523,0.16666666666666663,0.0,0.0,1.0,1.0,1.0,0.0,0.0,0.22190347683037281,1.0
524,0.33333333333333337,1.0,0.0,0.0,0.0,1.0,0.0,1.0,0.28279329402414005,1.0
525,0.9999999999999999,0.0,0.0,0.0,1.0,1.0,0.0,1.0,0.22519361934160181,0.0
526,0.4999999999999999,1.0,0.0,0.0,0.0,1.0,0.0,0.0,0.2950888153638565,1.0
527,0.8333333333333334,1.0,0.0,0.0,0.0,0.0,0.0,0.0,0.23771094804162585,1.0
528,0.6666666666666666,1.0,1.0,0.0,0.0,0.0,0.0,1.0,0.4906378810003512,1.0
529,0.8333333333333334,1.0,0.0,0.0,0.0,0.0,0.0,1.0,0.2710818653999002,1.0
530,0.6666666666666666,1.0,0.0,0.0,0.0,0.0,0.0,0.0,0.20843607327036467,1.0
531,0.9999999999999999,1.0,1.0,0.0,0.0,1.0,0.0,0.0,0.4886342211789061,0.0
532,0.4999999999999999,0.0,0.0,0.0,1.0,1.0,0.0,0.0,0.23829873754644093,1.0
533,0.4999999999999999,1.0,0.0,0.0,0.0,1.0,0.0,0.0,0.22364836139812572,0.5
534,0.8333333333333334,1.0,0.0,0.0,0.0,1.0,0.0,1.0,0.34318034786787677,0.5
535,0.4999999999999999,0.0,0.0,0.0,1.0,0.0,0.0,1.0,0.15691761704959245,1.0
536,0.4999999999999999,0.0,1.0,0.0,1.0,1.0,0.0,0.0,0.2813922108648639,0.0
537,0.16666666666666663,0.0,0.0,0.0,1.0,0.0,0.0,0.0,0.014051496275484757,0.0
538,0.9999999999999999,1.0,1.0,1.0,0.0,0.0,0.0,1.0,0.6071200162658731,0.5
539,0.0,0.0,1.0,0.0,0.0,1.0,1.0,0.0,0.23653906582133416,1.0
540,0.6666666666666666,1.0,0.0,0.0,0.0,1.0,0.0,0.0,0.25975120607752167,0.5
541,0.33333333333333337,1.0,0.0,0.0,0.0,1.0,0.0,0.0,0.1899853976821131,0.5
542,0.4999999999999999,0.0,1.0,0.0,1.0,1.0,0.0,1.0,0.32081107558085803,0.0
543,0.8333333333333334,1.0,0.0,0.0,0.0,1.0,0.0,0.0,0.3788100035119499,1.0
544,0.8333333333333334,0.0,1.0,0.0,1.0,1.0,0.0,0.0,0.6100737509473023,1.0
545,0.6666666666666666,1.0,1.0,0.0,0.0,0.0,0.0,0.0,0.43267592096264396,1.0
546,0.6666666666666666,0.0,1.0,1.0,1.0,1.0,0.0,1.0,0.7576126134452228,1.0
547,0.8333333333333334,0.0,0.0,0.0,1.0,0.0,0.0,0.0,0.18970444169239015,1.0
548,0.9999999999999999,0.0,1.0,0.0,1.0,1.0,0.0,0.0,0.40316075488438297,0.0
549,0.4999999999999999,1.0,0.0,0.0,0.0,1.0,0.0,0.0,0.154943531542855,0.0
550,0.4999999999999999,1.0,0.0,1.0,0.0,0.0,0.0,1.0,0.2740097225559601,1.0
551,0.16666666666666663,1.0,0.0,0.0,0.0,0.0,0.0,1.0,0.13876638139775604,1.0
552,0.4999999999999999,1.0,0.0,0.0,0.0,0.0,0.0,0.0,0.07649396499140497,0.0
553,0.33333333333333337,1.0,0.0,1.0,0.0,1.0,0.0,1.0,0.36066246464945195,1.0
554,0.6666666666666666,0.0,0.0,0.0,0.0,0.0,1.0,0.0,0.12471488512227132,1.0
555,0.33333333333333337,1.0,0.0,1.0,0.0,0.0,0.0,1.0,0.23419899817008927,1.0
556,0.0,0.0,1.0,1.0,1.0,1.0,0.0,0.0,0.38115376795253325,1.0
557,0.6666666666666666,0.0,0.0,0.0,1.0,1.0,0.0,1.0,0.31206816879540117,1.0
558,0.9999999999999999,1.0,1.0,0.0,0.0,1.0,0.0,0.0,0.49370621615127264,0.0
559,0.4999999999999999,1.0,0.0,0.0,0.0,1.0,0.0,0.0,0.15337978965268662,0.0
560,0.9999999999999999,1.0,0.0,0.0,0.0,1.0,0.0,0.0,0.4174525424668676,1.0
561,0.6666666666666666,0.0,0.0,0.0,1.0,1.0,0.0,1.0,0.31089628657510954,1.0
562,0.8333333333333334,1.0,1.0,0.0,0.0,0.0,0.0,0.0,0.47951054509158797,1.0
563,0.8333333333333334,1.0,0.0,0.0,0.0,0.0,0.0,0.0,0.23478309088556587,1.0
564,0.6666666666666666,0.0,1.0,0.0,0.0,1.0,1.0,0.0,0.4660468383209183,1.0
565,0.8333333333333334,0.0,1.0,0.0,1.0,1.0,0.0,0.0,0.6100737509473023,1.0
566,0.0,1.0,0.0,0.0,0.0,0.0,0.0,0.0,0.08724422838764533,1.0
567,0.0,0.0,1.0,1.0,0.0,1.0,1.0,0.0,0.31382414373116946,1.0
568,0.0,1.0,1.0,0.0,0.0,1.0,0.0,0.0,0.27585072364651303,0.5
569,0.6666666666666666,0.0,0.0,0.0,1.0,0.0,0.0,0.0,0.16042956692112897,1.0
570,0.4999999999999999,0.0,0.0,0.0,1.0,1.0,0.0,0.0,0.23244302323432098,1.0
571,0.6666666666666666,0.0,0.0,0.0,1.0,1.0,0.0,0.0,0.14401582225836862,0.0
572,0.33333333333333337,0.0,1.0,0.0,0.0,0.0,1.0,0.0,0.21429178758248463,1.0
573,0.8333333333333334,1.0,0.0,0.0,0.0,1.0,0.0,0.0,0.3788100035119499,1.0
574,0.8333333333333334,1.0,0.0,0.0,0.0,1.0,0.0,1.0,0.42974806380658404,1.0
575,0.6666666666666666,1.0,0.0,0.0,0.0,1.0,0.0,0.0,0.33841148962126394,1.0
576,0.6666666666666666,1.0,1.0,0.0,0.0,0.0,0.0,0.0,0.4367719635496571,1.0
577,0.8333333333333334,0.0,0.0,0.0,1.0,1.0,0.0,0.0,0.23438383763701226,0.5
578,0.6666666666666666,0.0,0.0,0.0,1.0,1.0,0.0,0.0,0.2681577050331787,1.0
579,0.33333333333333337,0.0,0.0,1.0,1.0,0.0,0.0,0.0,0.1510619027374725,1.0
580,0.8333333333333334,0.0,0.0,0.0,0.0,1.0,1.0,1.0,0.2968447902996248,1.0
581,0.9999999999999999,0.0,1.0,1.0,1.0,1.0,0.0,0.0,0.8290382802535997,1.0
582,0.6666666666666666,1.0,0.0,0.0,0.0,1.0,0.0,0.0,0.26267906323358164,0.5
583,0.0,1.0,0.0,0.0,0.0,1.0,0.0,0.0,0.0706419474686235,0.0
584,0.6666666666666666,0.0,0.0,1.0,0.0,1.0,1.0,0.0,0.28981719376721315,1.0
585,0.4999999999999999,1.0,0.0,0.0,0.0,1.0,0.0,0.0,0.29040498327202824,1.0
586,0.33333333333333337,1.0,0.0,0.0,0.0,0.0,0.0,0.0,0.14637807064564423,1.0
587,0.33333333333333337,0.0,0.0,0.0,1.0,1.0,0.0,0.0,0.1943882737842184,1.0
588,0.4999999999999999,0.0,0.0,0.0,1.0,1.0,0.0,0.0,0.23419899817008927,1.0
589,0.33333333333333337,1.0,0.0,0.0,0.0,1.0,0.0,0.0,0.25586218369346225,1.0
590,0.4999999999999999,0.0,0.0,0.0,1.0,1.0,0.0,0.0,0.12020849891868914,0.0
591,0.4999999999999999,0.0,0.0,0.0,1.0,1.0,0.0,0.0,0.2306870482985527,1.0
592,0.4999999999999999,1.0,0.0,0.0,0.0,1.0,0.0,0.0,0.29274505092327313,1.0
593,0.6666666666666666,0.0,0.0,0.0,0.0,1.0,1.0,0.0,0.10888892996432599,0.0
594,0.6666666666666666,1.0,1.0,0.0,0.0,1.0,0.0,1.0,0.7230698138666568,1.0
595,0.0,1.0,0.0,0.0,0.0,1.0,0.0,0.0,0.06829818302804015,0.0
596,0.4999999999999999,1.0,0.0,0.0,0.0,1.0,0.0,0.0,0.2962606975841482,1.0
597,0.9999999999999999,0.0,0.0,1.0,0.0,1.0,1.0,1.0,0.3251289255281788,0.5
598,0.8333333333333334,0.0,1.0,0.0,1.0,1.0,0.0,0.0,0.48368791704404723,0.5
599,0.33333333333333337,0.0,1.0,0.0,1.0,0.0,0.0,0.0,0.13854827082678695,0.0
600,0.6666666666666666,0.0,0.0,0.0,1.0,1.0,0.0,0.0,0.2751816047762518,1.0
601,0.0,1.0,0.0,1.0,0.0,1.0,0.0,1.0,0.24707861222528232,1.0
602,0.6666666666666666,0.0,0.0,1.0,1.0,1.0,0.0,0.0,0.19162677214838914,0.0
603,0.16666666666666663,0.0,1.0,0.0,1.0,1.0,0.0,1.0,0.39813312138407797,1.0
604,0.33333333333333337,0.0,0.0,0.0,0.0,1.0,1.0,0.0,0.15515794532448568,1.0
605,0.6666666666666666,0.0,1.0,0.0,1.0,1.0,0.0,1.0,0.6159294652594222,1.0
606,0.8333333333333334,0.0,0.0,0.0,1.0,1.0,0.0,1.0,0.1943623962588492,0.0
607,0.6666666666666666,1.0,0.0,0.0,0.0,1.0,0.0,0.0,0.18772665939631428,0.0
608,0.8333333333333334,0.0,0.0,0.0,1.0,0.0,0.0,1.0,0.10810890741391103,0.0
609,0.4999999999999999,1.0,0.0,1.0,0.0,1.0,0.0,1.0,0.3314689192436369,0.5
610,0.4999999999999999,1.0,0.0,0.0,0.0,1.0,0.0,1.0,0.18226280475407108,0.0
611,0.6666666666666666,0.0,0.0,0.0,0.0,1.0,1.0,0.0,0.2213193841148962,1.0
612,0.16666666666666663,0.0,0.0,0.0,1.0,1.0,0.0,0.0,0.07181013289957673,0.0
613,0.8333333333333334,0.0,0.0,0.0,1.0,0.0,0.0,1.0,0.10654516552374264,0.0
614,0.6666666666666666,0.0,0.0,0.0,0.0,1.0,1.0,0.0,0.22717140163767768,1.0
615,0.4999999999999999,0.0,0.0,0.0,1.0,0.0,0.0,1.0,0.06556625570691856,0.0
616,0.4999999999999999,0.0,0.0,1.0,1.0,1.0,0.0,0.0,0.30914031163934125,1.0
617,0.16666666666666663,0.0,0.0,1.0,1.0,1.0,0.0,0.0,0.21487957708729966,1.0
618,0.6666666666666666,0.0,0.0,0.0,1.0,0.0,0.0,1.0,0.1402229163971091,0.5
619,0.8333333333333334,0.0,1.0,0.0,0.0,1.0,1.0,1.0,0.34266649414983086,0.0
620,0.4999999999999999,1.0,0.0,0.0,0.0,0.0,0.0,0.0,0.13095136873625257,0.5
621,0.33333333333333337,0.0,1.0,0.0,1.0,1.0,0.0,0.0,0.24392525091957634,0.0
622,0.6666666666666666,1.0,0.0,1.0,0.0,1.0,0.0,1.0,0.2837359753054472,0.0
623,0.4999999999999999,0.0,0.0,0.0,0.0,1.0,1.0,0.0,0.19146041662815844,1.0
624,0.8333333333333334,0.0,1.0,0.0,1.0,1.0,0.0,1.0,0.6809153250402026,1.0
625,0.4999999999999999,0.0,1.0,0.0,1.0,1.0,0.0,0.0,0.48009833459640305,1.0
626,0.4999999999999999,0.0,0.0,0.0,0.0,1.0,1.0,0.0,0.08664165172547643,0.0
627,0.6666666666666666,1.0,0.0,0.0,0.0,0.0,0.0,0.0,0.20375224117853646,1.0
628,0.4999999999999999,0.0,0.0,1.0,1.0,1.0,0.0,1.0,0.3495388255300272,1.0
629,0.8333333333333334,0.0,0.0,1.0,1.0,1.0,0.0,1.0,0.44906748488937354,1.0
630,0.6666666666666666,0.0,0.0,1.0,0.0,1.0,1.0,1.0,0.3337276575294357,1.0
631,0.9999999999999999,1.0,1.0,0.0,0.0,1.0,0.0,0.0,0.8044509343635053,1.0
632,0.8333333333333334,1.0,0.0,1.0,0.0,0.0,0.0,0.0,0.304456479547513,1.0
633,0.6666666666666666,1.0,0.0,0.0,0.0,1.0,0.0,0.0,0.3337276575294357,1.0
634,0.6666666666666666,1.0,1.0,1.0,0.0,1.0,0.0,1.0,0.9033955010073752,1.0
635,0.8333333333333334,1.0,0.0,0.0,0.0,1.0,0.0,1.0,0.34171641928984675,0.5
636,0.33333333333333337,0.0,0.0,0.0,1.0,1.0,0.0,0.0,0.1984843163712316,1.0
637,0.6666666666666666,0.0,0.0,0.0,0.0,1.0,1.0,0.0,0.2213193841148962,1.0
638,0.4999999999999999,1.0,0.0,0.0,0.0,1.0,0.0,0.0,0.2950888153638565,1.0
639,0.4999999999999999,1.0,0.0,0.0,0.0,1.0,0.0,1.0,0.3284597327221308,1.0
640,0.9999999999999999,0.0,1.0,0.0,0.0,1.0,1.0,0.0,0.5644073122493115,1.0
641,0.4999999999999999,1.0,0.0,0.0,0.0,1.0,0.0,0.0,0.2950888153638565,1.0
642,0.16666666666666663,1.0,0.0,0.0,0.0,1.0,0.0,0.0,0.10069314800096117,0.0
643,0.4999999999999999,1.0,1.0,0.0,0.0,1.0,0.0,0.0,0.3473503262416591,0.0
644,0.4999999999999999,1.0,1.0,0.0,0.0,0.0,0.0,1.0,0.42740429936600066,1.0
645,0.6666666666666666,1.0,1.0,0.0,0.0,1.0,0.0,0.0,0.6604240217371213,1.0
646,0.8333333333333334,0.0,1.0,0.0,0.0,1.0,1.0,1.0,0.573187186928153,1.0
647,0.8333333333333334,1.0,0.0,1.0,0.0,1.0,0.0,0.0,0.4765863847248665,1.0
648,0.8333333333333334,1.0,0.0,1.0,0.0,1.0,0.0,1.0,0.5386443873495869,1.0
649,0.8333333333333334,1.0,0.0,0.0,0.0,0.0,0.0,0.0,0.12176854401951905,0.0
650,0.6666666666666666,0.0,0.0,0.0,1.0,1.0,0.0,0.0,0.14089203526737026,0.0
651,0.4999999999999999,0.0,0.0,1.0,1.0,1.0,0.0,1.0,0.2695107299310549,0.5
652,0.8333333333333334,0.0,0.0,1.0,1.0,1.0,0.0,0.0,0.3975453318792629,1.0
653,0.4999999999999999,1.0,1.0,1.0,0.0,1.0,0.0,0.0,0.7137021496830003,1.0
654,0.6666666666666666,1.0,1.0,1.0,0.0,1.0,0.0,0.0,0.81557457348293,1.0
655,0.4999999999999999,1.0,0.0,0.0,0.0,1.0,0.0,1.0,0.33782739690578734,1.0
656,0.8333333333333334,1.0,1.0,1.0,0.0,1.0,0.0,1.0,0.6264024694552781,0.0
657,0.6666666666666666,1.0,0.0,0.0,0.0,1.0,0.0,0.0,0.33489953974972736,1.0
658,0.4999999999999999,1.0,0.0,1.0,0.0,0.0,0.0,1.0,0.26522984787711873,1.0
659,0.6666666666666666,1.0,0.0,1.0,0.0,0.0,0.0,0.0,0.14401582225836862,0.0
660,0.4999999999999999,0.0,0.0,1.0,1.0,1.0,0.0,0.0,0.3009445296759764,1.0
661,0.16666666666666663,0.0,0.0,1.0,0.0,1.0,1.0,0.0,0.17330918097632209,1.0
662,0.6666666666666666,1.0,1.0,0.0,0.0,1.0,0.0,0.0,0.658080257296538,1.0
663,0.4999999999999999,0.0,0.0,0.0,1.0,1.0,0.0,0.0,0.23946692297739414,1.0
664,0.6666666666666666,1.0,0.0,1.0,0.0,1.0,0.0,0.0,0.24938910556181954,0.0
665,0.4999999999999999,0.0,0.0,1.0,1.0,1.0,0.0,0.0,0.3021127151069296,1.0
666,0.33333333333333337,1.0,0.0,0.0,0.0,1.0,0.0,1.0,0.29040498327202824,1.0
667,0.33333333333333337,1.0,0.0,0.0,0.0,1.0,0.0,0.0,0.24532263728951403,1.0
668,0.6666666666666666,0.0,0.0,0.0,1.0,1.0,0.0,0.0,0.14284394003807693,0.0
669,0.6666666666666666,1.0,1.0,1.0,0.0,1.0,0.0,0.0,0.81557457348293,1.0
670,0.6666666666666666,0.0,0.0,0.0,1.0,0.0,0.0,0.0,0.16394151679266555,1.0
671,0.4999999999999999,0.0,0.0,0.0,1.0,1.0,0.0,0.0,0.2306870482985527,1.0
672,0.4999999999999999,1.0,0.0,0.0,0.0,1.0,0.0,1.0,0.18655477717602265,0.0
673,0.4999999999999999,0.0,0.0,0.0,0.0,1.0,1.0,0.0,0.18970444169239015,1.0
674,0.4999999999999999,1.0,0.0,0.0,0.0,1.0,0.0,1.0,0.18655477717602265,0.0
675,0.4999999999999999,1.0,0.0,0.0,0.0,1.0,0.0,0.0,0.22462431378347902,0.5
676,0.16666666666666663,0.0,1.0,1.0,1.0,0.0,0.0,0.0,0.1529916267721484,0.0
677,0.16666666666666663,1.0,0.0,0.0,0.0,1.0,0.0,0.0,0.20668009833459638,1.0
678,0.6666666666666666,1.0,0.0,0.0,0.0,1.0,0.0,1.0,0.3036616698397442,0.5
679,0.9999999999999999,0.0,0.0,0.0,0.0,1.0,1.0,0.0,0.28981719376721315,1.0
680,0.4999999999999999,1.0,0.0,0.0,0.0,1.0,0.0,0.0,0.2950888153638565,1.0
681,0.4999999999999999,0.0,1.0,0.0,0.0,1.0,1.0,0.0,0.40105728175079947,1.0
682,0.16666666666666663,0.0,0.0,0.0,0.0,1.0,1.0,0.0,0.08655662557069187,0.5
683,0.33333333333333337,1.0,0.0,1.0,0.0,1.0,0.0,0.0,0.3243599933457792,1.0
684,0.6666666666666666,0.0,0.0,1.0,1.0,1.0,0.0,0.0,0.19475055913938744,0.0
685,0.4999999999999999,0.0,0.0,0.0,0.0,1.0,1.0,0.0,0.1431470767638306,0.5
686,0.6666666666666666,1.0,0.0,0.0,0.0,1.0,0.0,1.0,0.3758821463558899,1.0
687,0.8333333333333334,1.0,0.0,0.0,0.0,1.0,0.0,0.0,0.38232195338348646,1.0
688,0.8333333333333334,1.0,0.0,1.0,0.0,1.0,0.0,0.0,0.4765863847248665,1.0
689,0.6666666666666666,0.0,0.0,0.0,1.0,1.0,0.0,1.0,0.31206816879540117,1.0
690,0.9999999999999999,0.0,1.0,0.0,0.0,1.0,1.0,0.0,0.45344078667677123,0.5
691,0.9999999999999999,1.0,1.0,0.0,0.0,1.0,0.0,0.0,0.6495665514500656,0.5
692,0.0,0.0,0.0,0.0,0.0,1.0,1.0,0.0,0.06264948891887397,0.5
693,0.8333333333333334,0.0,0.0,1.0,1.0,1.0,0.0,0.0,0.30902940795918743,0.5
694,0.6666666666666666,0.0,1.0,0.0,1.0,1.0,0.0,1.0,0.6124138185985472,1.0
695,0.4999999999999999,0.0,1.0,0.0,0.0,0.0,1.0,1.0,0.2980166725199164,1.0
696,0.8333333333333334,1.0,0.0,0.0,0.0,1.0,0.0,1.0,0.34318034786787677,0.5
697,0.8333333333333334,0.0,1.0,0.0,0.0,0.0,1.0,0.0,0.18187094508419438,0.0
698,0.6666666666666666,1.0,1.0,1.0,0.0,0.0,0.0,0.0,0.3274468124433929,0.0
699,0.6666666666666666,0.0,0.0,0.0,0.0,1.0,1.0,0.0,0.11122899761557088,0.0
700,0.4999999999999999,1.0,0.0,0.0,0.0,0.0,0.0,1.0,0.2031681484630598,1.0
701,0.6666666666666666,1.0,0.0,0.0,0.0,1.0,0.0,0.0,0.33489953974972736,1.0
702,0.8333333333333334,1.0,0.0,1.0,0.0,1.0,0.0,0.0,0.2798321657640339,0.0
703,0.8333333333333334,1.0,1.0,0.0,0.0,0.0,0.0,0.0,0.4906378810003512,1.0
704,0.4999999999999999,0.0,0.0,0.0,1.0,0.0,0.0,0.0,0.13174248165468294,1.0
705,0.4999999999999999,1.0,0.0,0.0,0.0,0.0,0.0,0.0,0.17506515591209032,1.0
706,0.0,0.0,0.0,1.0,1.0,1.0,0.0,1.0,0.20551191290364318,1.0
707,0.0,0.0,1.0,0.0,0.0,1.0,1.0,0.0,0.23478309088556587,1.0
708,0.4999999999999999,0.0,1.0,0.0,1.0,1.0,0.0,0.0,0.48829411655976784,1.0
709,0.4999999999999999,0.0,0.0,0.0,1.0,1.0,0.0,1.0,0.27166965490471523,1.0
710,0.9999999999999999,1.0,0.0,0.0,0.0,1.0,0.0,0.0,0.4186244246871592,1.0
711,0.16666666666666663,1.0,1.0,1.0,0.0,1.0,0.0,0.0,0.4251418642908634,0.5
712,0.16666666666666663,0.0,0.0,0.0,1.0,1.0,0.0,0.0,0.11289994639655461,0.5
713,0.0,0.0,1.0,1.0,1.0,1.0,0.0,1.0,0.41803663518234413,1.0
714,0.16666666666666663,1.0,0.0,0.0,0.0,1.0,0.0,0.0,0.20551191290364318,1.0
715,0.6666666666666666,0.0,0.0,0.0,0.0,1.0,1.0,0.0,0.1694940943790318,0.5
716,0.33333333333333337,1.0,1.0,0.0,0.0,1.0,0.0,0.0,0.5023456128352526,1.0
717,0.8333333333333334,1.0,0.0,0.0,0.0,1.0,0.0,1.0,0.42974806380658404,1.0
718,0.9999999999999999,0.0,0.0,1.0,0.0,1.0,1.0,1.0,0.4186244246871592,1.0
719,0.16666666666666663,1.0,1.0,0.0,0.0,1.0,0.0,0.0,0.43267592096264396,1.0
720,0.8333333333333334,1.0,0.0,0.0,0.0,0.0,0.0,0.0,0.23771094804162585,1.0
721,0.16666666666666663,1.0,0.0,0.0,0.0,0.0,0.0,0.0,0.11769098537919818,1.0
722,0.6666666666666666,1.0,1.0,0.0,0.0,1.0,0.0,1.0,0.7248257888024251,1.0
723,0.9999999999999999,1.0,1.0,0.0,0.0,1.0,0.0,0.0,0.6398107243858708,0.5
724,0.33333333333333337,0.0,0.0,0.0,0.0,1.0,1.0,0.0,0.11631577974529121,0.5
725,0.4999999999999999,0.0,0.0,0.0,1.0,1.0,0.0,0.0,0.23946692297739414,1.0
726,0.16666666666666663,0.0,0.0,0.0,1.0,1.0,0.0,0.0,0.16042956692112897,1.0
727,0.33333333333333337,0.0,1.0,0.0,1.0,0.0,0.0,1.0,0.3027005046117447,1.0
728,0.6666666666666666,1.0,1.0,0.0,0.0,0.0,0.0,1.0,0.29153989759893534,0.0
729,0.16666666666666663,0.0,1.0,0.0,1.0,1.0,0.0,0.0,0.1967024639100941,0.0
730,0.6666666666666666,0.0,1.0,0.0,1.0,0.0,0.0,0.0,0.27975453318792626,0.5
731,0.0,0.0,0.0,0.0,0.0,1.0,1.0,1.0,0.11476312822313821,1.0
732,0.33333333333333337,1.0,0.0,0.0,0.0,1.0,0.0,0.0,0.1319162307535905,0.0
733,0.6666666666666666,0.0,0.0,0.0,1.0,0.0,0.0,0.0,0.16335742407718895,1.0
734,0.0,0.0,0.0,0.0,0.0,1.0,1.0,0.0,0.09368403541524188,1.0
735,0.4999999999999999,1.0,0.0,1.0,0.0,0.0,0.0,0.0,0.23829873754644093,1.0
736,0.9999999999999999,1.0,1.0,0.0,0.0,1.0,0.0,0.0,0.8085469769505185,1.0
737,0.4999999999999999,1.0,0.0,0.0,0.0,1.0,0.0,0.0,0.2986007652353931,1.0
738,0.8333333333333334,1.0,0.0,0.0,0.0,0.0,0.0,1.0,0.2763534869965435,1.0
739,0.8333333333333334,1.0,0.0,0.0,0.0,1.0,0.0,1.0,0.33781260974843347,0.5
740,0.4999999999999999,1.0,0.0,0.0,0.0,1.0,0.0,0.0,0.2974288830151014,1.0
741,0.4999999999999999,0.0,1.0,1.0,1.0,1.0,0.0,0.0,0.3606217999667289,0.0
742,0.9999999999999999,0.0,0.0,0.0,1.0,1.0,0.0,0.0,0.3448549934381989,1.0
743,0.9999999999999999,0.0,0.0,0.0,1.0,0.0,0.0,1.0,0.2488345871610506,1.0
744,0.4999999999999999,0.0,0.0,0.0,1.0,1.0,0.0,0.0,0.11708471192769081,0.0
745,0.9999999999999999,0.0,0.0,1.0,1.0,1.0,0.0,1.0,0.4976617807434244,1.0
746,0.33333333333333337,1.0,0.0,1.0,0.0,1.0,0.0,0.0,0.31733609360270604,1.0
747,0.4999999999999999,1.0,1.0,0.0,0.0,1.0,0.0,0.0,0.463196613740966,0.5
748,0.6666666666666666,1.0,0.0,0.0,0.0,0.0,0.0,0.0,0.1543705291953938,0.5
749,0.16666666666666663,1.0,0.0,0.0,0.0,1.0,0.0,1.0,0.23537088039038095,1.0
750,0.6666666666666666,1.0,1.0,1.0,0.0,1.0,0.0,0.0,0.8062069092992736,1.0
751,0.6666666666666666,0.0,0.0,0.0,1.0,1.0,0.0,0.0,0.20364503428772113,0.5
752,0.16666666666666663,0.0,1.0,0.0,0.0,1.0,1.0,0.0,0.28981719376721315,1.0
753,0.4999999999999999,0.0,0.0,0.0,1.0,1.0,0.0,0.0,0.23946692297739414,1.0
754,0.4999999999999999,0.0,0.0,1.0,1.0,1.0,0.0,0.0,0.3056246649784662,1.0
755,0.8333333333333334,1.0,0.0,0.0,0.0,1.0,0.0,0.0,0.38115376795253325,1.0
756,0.16666666666666663,0.0,0.0,0.0,0.0,0.0,1.0,1.0,0.040206280845086054,0.5
757,0.8333333333333334,1.0,0.0,0.0,0.0,0.0,0.0,0.0,0.24005471248220922,1.0
758,0.8333333333333334,1.0,0.0,1.0,0.0,0.0,0.0,0.0,0.30738433670357296,1.0
759,0.6666666666666666,0.0,0.0,1.0,0.0,1.0,1.0,0.0,0.15533169442339329,0.0
760,0.33333333333333337,1.0,0.0,1.0,0.0,1.0,0.0,0.0,0.323191807914826,1.0
761,0.6666666666666666,0.0,0.0,0.0,1.0,1.0,0.0,0.0,0.2704977726844236,1.0
762,0.9999999999999999,1.0,0.0,0.0,0.0,0.0,0.0,0.0,0.13894013049666365,0.0
763,0.9999999999999999,1.0,1.0,0.0,0.0,0.0,0.0,1.0,0.4827119646586939,0.5
764,0.4999999999999999,1.0,0.0,0.0,0.0,0.0,0.0,1.0,0.10069314800096117,0.0
765,0.9999999999999999,1.0,0.0,0.0,0.0,0.0,0.0,0.0,0.2693258904641319,1.0
766,0.9999999999999999,0.0,0.0,0.0,1.0,1.0,0.0,0.0,0.3477791538049204,1.0
767,0.9999999999999999,0.0,1.0,1.0,1.0,0.0,0.0,1.0,0.382085358865825,0.0
768,0.6666666666666666,1.0,1.0,1.0,0.0,0.0,0.0,0.0,0.5409881517901702,1.0
769,0.8333333333333334,1.0,0.0,1.0,0.0,1.0,0.0,0.0,0.4777545701558197,1.0
770,0.4999999999999999,0.0,0.0,0.0,1.0,0.0,0.0,0.0,0.13174248165468294,1.0
771,0.4999999999999999,1.0,0.0,0.0,0.0,0.0,0.0,0.0,0.17916489528844198,1.0
772,0.8333333333333334,0.0,1.0,0.0,1.0,1.0,0.0,0.0,0.48807970277813717,0.5
773,0.8333333333333334,1.0,0.0,0.0,0.0,1.0,0.0,1.0,0.33878856213378683,0.5
774,0.6666666666666666,0.0,0.0,0.0,1.0,1.0,0.0,1.0,0.31323635422635443,1.0
775,0.6666666666666666,1.0,0.0,0.0,0.0,0.0,0.0,0.0,0.20668009833459638,1.0
776,0.33333333333333337,0.0,0.0,0.0,0.0,1.0,1.0,0.0,0.15925768470083734,1.0
777,0.4999999999999999,0.0,1.0,1.0,1.0,1.0,0.0,0.0,0.605389918855474,1.0
778,0.33333333333333337,1.0,0.0,0.0,0.0,1.0,0.0,0.0,0.1860815881406998,0.5
779,0.6666666666666666,0.0,0.0,0.0,1.0,1.0,0.0,0.0,0.2693258904641319,1.0
780,0.4999999999999999,0.0,1.0,0.0,1.0,0.0,0.0,1.0,0.27195061089443817,0.5
781,0.4999999999999999,0.0,0.0,0.0,1.0,1.0,0.0,0.0,0.23653906582133416,1.0
782,0.0,0.0,1.0,0.0,1.0,1.0,0.0,0.0,0.154943531542855,0.0
783,0.33333333333333337,0.0,0.0,0.0,1.0,0.0,0.0,0.0,0.10773553169072662,1.0
784,0.16666666666666663,0.0,1.0,0.0,1.0,1.0,0.0,0.0,0.3512948004657955,1.0
785,0.9999999999999999,0.0,0.0,1.0,1.0,0.0,0.0,0.0,0.2798654368680801,1.0
786,0.9999999999999999,0.0,0.0,1.0,0.0,1.0,1.0,0.0,0.28902608084878284,0.5
787,0.6666666666666666,0.0,0.0,0.0,1.0,1.0,0.0,0.0,0.2704977726844236,1.0
788,0.6666666666666666,1.0,0.0,0.0,0.0,1.0,0.0,0.0,0.25779930130681505,0.5
789,0.8333333333333334,0.0,0.0,0.0,1.0,1.0,0.0,0.0,0.30738433670357296,1.0
790,0.6666666666666666,1.0,0.0,0.0,0.0,1.0,0.0,0.0,0.3313875898781908,1.0
791,0.8333333333333334,1.0,1.0,0.0,0.0,1.0,0.0,0.0,0.5822406240180403,0.5
792,0.33333333333333337,1.0,0.0,0.0,0.0,0.0,0.0,0.0,0.14754995286593592,1.0
793,0.4999999999999999,1.0,1.0,0.0,0.0,1.0,0.0,0.0,0.353986063104194,0.0
794,0.0,1.0,0.0,0.0,0.0,1.0,0.0,1.0,0.1943882737842184,1.0
795,0.16666666666666663,0.0,0.0,0.0,1.0,1.0,0.0,0.0,0.16569749172843384,1.0
796,0.6666666666666666,1.0,0.0,1.0,0.0,1.0,0.0,0.0,0.4303321565220606,1.0
797,0.6666666666666666,1.0,1.0,0.0,0.0,1.0,0.0,0.0,0.39379678749006486,0.0
798,0.4999999999999999,1.0,0.0,0.0,0.0,0.0,0.0,1.0,0.2043400306833515,1.0
799,0.0,0.0,1.0,1.0,1.0,1.0,0.0,0.0,0.38115376795253325,1.0
800,0.6666666666666666,1.0,0.0,0.0,0.0,1.0,0.0,0.0,0.3313875898781908,1.0
801,0.4999999999999999,1.0,0.0,0.0,0.0,0.0,0.0,0.0,0.18033677750873367,1.0
802,0.8333333333333334,0.0,0.0,1.0,1.0,1.0,0.0,0.0,0.3940333820077263,1.0
803,0.0,0.0,0.0,0.0,1.0,1.0,0.0,1.0,0.14462209570987594,1.0
804,0.8333333333333334,1.0,0.0,0.0,0.0,1.0,0.0,0.0,0.376469935860705,1.0
805,0.33333333333333337,0.0,0.0,1.0,1.0,0.0,0.0,0.0,0.15515794532448568,1.0
806,0.9999999999999999,1.0,0.0,0.0,0.0,0.0,0.0,1.0,0.31030849707029445,1.0
807,0.6666666666666666,0.0,0.0,1.0,0.0,0.0,1.0,0.0,0.1779930130681503,1.0
808,0.0,0.0,0.0,0.0,0.0,0.0,1.0,0.0,0.03630986488234968,1.0
809,0.4999999999999999,1.0,0.0,0.0,0.0,0.0,0.0,1.0,0.2043400306833515,1.0
810,0.0,1.0,1.0,0.0,0.0,0.0,0.0,0.0,0.2254154267019094,1.0
811,0.4999999999999999,0.0,0.0,0.0,1.0,1.0,0.0,1.0,0.2704977726844236,1.0
812,0.33333333333333337,0.0,0.0,0.0,1.0,1.0,0.0,0.0,0.2025840557475832,1.0
813,0.0,1.0,1.0,0.0,0.0,0.0,0.0,0.0,0.1077170477440343,0.0
814,0.8333333333333334,0.0,0.0,0.0,1.0,0.0,0.0,0.0,0.18677658453633017,1.0
815,0.4999999999999999,1.0,0.0,0.0,0.0,1.0,0.0,0.0,0.29274505092327313,1.0
816,0.8333333333333334,0.0,1.0,0.0,1.0,1.0,0.0,0.0,0.48515184562207725,0.5
817,0.6666666666666666,0.0,0.0,1.0,1.0,1.0,0.0,0.0,0.3501229182455038,1.0
818,0.4999999999999999,0.0,1.0,0.0,1.0,0.0,0.0,0.0,0.16625940370787973,0.0
819,0.4999999999999999,1.0,0.0,0.0,0.0,1.0,0.0,1.0,0.183822849854901,0.0
820,0.6666666666666666,0.0,0.0,0.0,0.0,1.0,1.0,0.0,0.2254154267019094,1.0
821,0.9999999999999999,1.0,0.0,1.0,0.0,1.0,0.0,1.0,0.3594499177464372,0.0
822,0.6666666666666666,1.0,0.0,0.0,0.0,1.0,0.0,0.0,0.3313875898781908,1.0
823,0.8333333333333334,1.0,0.0,1.0,0.0,1.0,0.0,0.0,0.4724866453485148,1.0
824,0.4999999999999999,1.0,0.0,0.0,0.0,1.0,0.0,0.0,0.2986007652353931,1.0
825,0.0,1.0,0.0,0.0,0.0,1.0,0.0,1.0,0.1943882737842184,1.0
826,0.4999999999999999,0.0,1.0,0.0,1.0,1.0,0.0,0.0,0.47482671299975976,1.0
827,0.8333333333333334,1.0,0.0,0.0,0.0,1.0,0.0,0.0,0.2963420269495943,0.5
828,0.9999999999999999,0.0,0.0,0.0,1.0,1.0,0.0,1.0,0.3870057854753147,1.0
829,0.16666666666666663,1.0,0.0,1.0,0.0,1.0,0.0,0.0,0.2781094619323118,1.0
830,0.4999999999999999,1.0,1.0,0.0,0.0,1.0,0.0,0.0,0.5714312119923847,1.0
831,0.9999999999999999,1.0,0.0,0.0,0.0,1.0,0.0,0.0,0.42096449233840405,1.0
832,0.6666666666666666,0.0,0.0,1.0,1.0,0.0,0.0,0.0,0.21429178758248463,1.0
833,0.9999999999999999,0.0,1.0,0.0,1.0,1.0,0.0,0.0,0.6627640893883662,1.0
834,0.4999999999999999,1.0,0.0,0.0,0.0,0.0,0.0,0.0,0.18033677750873367,1.0
835,0.16666666666666663,1.0,1.0,1.0,0.0,1.0,0.0,1.0,0.48563982181475385,0.5
836,0.0,0.0,0.0,0.0,1.0,1.0,0.0,0.0,0.1264708600580396,1.0
837,0.6666666666666666,1.0,0.0,0.0,0.0,0.0,0.0,0.0,0.2049241233988281,1.0
838,0.6666666666666666,0.0,0.0,0.0,1.0,1.0,0.0,0.0,0.2734256298404835,1.0
839,0.6666666666666666,1.0,0.0,0.0,0.0,1.0,0.0,0.0,0.33255947209848247,1.0
840,0.6666666666666666,0.0,1.0,1.0,0.0,1.0,1.0,0.0,0.5685033548363246,1.0
841,0.8333333333333334,0.0,0.0,0.0,1.0,0.0,0.0,1.0,0.22014750189460452,1.0
842,0.16666666666666663,1.0,0.0,1.0,0.0,1.0,0.0,1.0,0.31323635422635443,1.0
843,0.6666666666666666,0.0,1.0,0.0,0.0,1.0,1.0,0.0,0.3704996210790928,0.5
844,0.8333333333333334,0.0,1.0,1.0,1.0,1.0,0.0,0.0,0.7576126134452228,1.0
845,0.16666666666666663,0.0,1.0,0.0,1.0,1.0,0.0,1.0,0.40164507125561455,1.0
846,0.0,1.0,1.0,0.0,0.0,1.0,0.0,1.0,0.3148814254819689,0.5
847,0.8333333333333334,1.0,0.0,0.0,0.0,0.0,0.0,0.0,0.2418106874179775,1.0
848,0.8333333333333334,1.0,0.0,0.0,0.0,1.0,0.0,1.0,0.4262324171457089,1.0
849,0.33333333333333337,0.0,0.0,0.0,0.0,1.0,1.0,1.0,0.18794476996728343,1.0
850,0.6666666666666666,1.0,1.0,0.0,0.0,1.0,0.0,0.0,0.39106486016894326,0.0
851,0.6666666666666666,0.0,0.0,0.0,1.0,1.0,0.0,0.0,0.14206391748766195,0.0
852,0.6666666666666666,0.0,1.0,0.0,0.0,1.0,1.0,0.0,0.2700763386998392,0.0
853,0.6666666666666666,0.0,0.0,0.0,1.0,0.0,0.0,0.0,0.06986192491820854,0.0
854,0.8333333333333334,1.0,0.0,0.0,0.0,1.0,0.0,1.0,0.43091624923753724,1.0
855,0.8333333333333334,0.0,0.0,0.0,1.0,1.0,0.0,0.0,0.30914031163934125,1.0
856,0.8333333333333334,0.0,0.0,1.0,1.0,1.0,0.0,0.0,0.39052143213618973,1.0
857,0.8333333333333334,0.0,0.0,0.0,0.0,0.0,1.0,0.0,0.1504741132326574,1.0
858,0.4999999999999999,1.0,0.0,0.0,0.0,1.0,0.0,0.0,0.227552170939539,0.5
859,0.6666666666666666,0.0,0.0,1.0,1.0,1.0,0.0,0.0,0.2704866823164082,0.5
860,0.4999999999999999,1.0,0.0,0.0,0.0,1.0,0.0,0.0,0.28923310105173655,1.0
861,0.16666666666666663,0.0,0.0,0.0,0.0,1.0,1.0,1.0,0.106556255891758,0.5
862,0.33333333333333337,1.0,1.0,0.0,0.0,0.0,0.0,0.0,0.3296316149424225,1.0
863,0.6666666666666666,1.0,0.0,0.0,0.0,1.0,0.0,0.0,0.18850668194672926,0.0
864,0.4999999999999999,1.0,0.0,0.0,0.0,1.0,0.0,0.0,0.15884364429492986,0.0
865,0.8333333333333334,1.0,0.0,0.0,0.0,1.0,0.0,0.0,0.3776381212916582,1.0
866,0.33333333333333337,0.0,1.0,1.0,1.0,1.0,0.0,0.0,0.5281048409456387,1.0
867,0.0,0.0,1.0,1.0,1.0,0.0,0.0,0.0,0.17290992772776842,0.5
868,0.4999999999999999,1.0,0.0,0.0,0.0,0.0,0.0,0.0,0.13095136873625257,0.5
869,0.4999999999999999,1.0,0.0,1.0,0.0,0.0,0.0,0.0,0.23829873754644093,1.0
870,0.4999999999999999,0.0,0.0,0.0,1.0,0.0,0.0,0.0,0.05229847877118722,0.0
871,0.33333333333333337,0.0,1.0,1.0,0.0,0.0,1.0,0.0,0.2839651762444317,1.0
872,0.6666666666666666,1.0,0.0,0.0,0.0,1.0,0.0,0.0,0.26463096800428826,0.5
873,0.6666666666666666,0.0,0.0,0.0,1.0,1.0,0.0,1.0,0.16743128592817136,0.0
874,0.4999999999999999,0.0,0.0,0.0,1.0,1.0,0.0,0.0,0.177789689654535,0.5
875,0.16666666666666663,0.0,1.0,1.0,1.0,1.0,0.0,1.0,0.2966155893606403,0.0
876,0.8333333333333334,0.0,0.0,0.0,1.0,1.0,0.0,0.0,0.31323635422635443,1.0
877,0.6666666666666666,0.0,0.0,0.0,0.0,1.0,1.0,1.0,0.19876527236095448,0.5
878,0.16666666666666663,0.0,0.0,0.0,1.0,0.0,0.0,0.0,0.08256039629581709,1.0
879,0.6666666666666666,1.0,0.0,0.0,0.0,1.0,0.0,0.0,0.33607142197001905,1.0
880,0.9999999999999999,1.0,0.0,1.0,0.0,1.0,0.0,0.0,0.3126152936174932,0.0
881,0.8333333333333334,1.0,1.0,1.0,0.0,1.0,0.0,0.0,0.887000240291307,1.0
882,0.4999999999999999,0.0,1.0,0.0,1.0,0.0,0.0,0.0,0.31323635422635443,1.0
883,0.4999999999999999,0.0,0.0,1.0,1.0,1.0,0.0,1.0,0.3518788931812721,1.0
884,0.6666666666666666,1.0,0.0,0.0,0.0,0.0,0.0,0.0,0.15485850538807044,0.5
885,0.9999999999999999,1.0,1.0,0.0,0.0,0.0,0.0,0.0,0.3196428901499048,0.0
886,0.0,0.0,1.0,0.0,1.0,1.0,0.0,1.0,0.34017116134637065,1.0
887,0.0,1.0,1.0,0.0,0.0,1.0,0.0,1.0,0.413940592595331,1.0
888,0.0,1.0,0.0,1.0,0.0,0.0,0.0,0.0,0.12178702796621137,1.0
889,0.16666666666666663,0.0,0.0,1.0,1.0,1.0,0.0,0.0,0.21604776251825292,1.0
890,0.6666666666666666,0.0,0.0,0.0,0.0,0.0,1.0,0.0,0.12764274227833128,1.0
891,0.0,1.0,0.0,0.0,0.0,0.0,0.0,0.0,0.05142603648731077,0.5
892,0.8333333333333334,0.0,0.0,0.0,0.0,1.0,1.0,0.0,0.19047337387478974,0.5
893,0.0,1.0,0.0,0.0,0.0,1.0,0.0,1.0,0.14071089258978575,0.5
894,0.9999999999999999,0.0,0.0,1.0,1.0,1.0,0.0,0.0,0.2529047522226946,0.0
895,0.4999999999999999,1.0,1.0,1.0,0.0,1.0,0.0,1.0,0.8044509343635053,1.0
896,0.9999999999999999,0.0,1.0,0.0,1.0,1.0,0.0,1.0,0.6056560876878431,0.5
897,0.8333333333333334,1.0,0.0,0.0,0.0,1.0,0.0,0.0,0.3776381212916582,1.0
898,0.8333333333333334,0.0,1.0,0.0,0.0,1.0,1.0,0.0,0.5134692519546774,1.0
899,0.0,0.0,0.0,0.0,1.0,1.0,0.0,1.0,0.06127428328496702,0.0
900,0.33333333333333337,1.0,0.0,0.0,0.0,1.0,0.0,1.0,0.28279329402414005,1.0
901,0.6666666666666666,0.0,1.0,0.0,1.0,1.0,0.0,0.0,0.32081107558085803,0.0
902,0.4999999999999999,0.0,0.0,0.0,1.0,1.0,0.0,0.0,0.23537088039038095,1.0
903,0.16666666666666663,0.0,0.0,0.0,1.0,1.0,0.0,0.0,0.07181013289957673,0.0
904,0.16666666666666663,0.0,1.0,1.0,0.0,0.0,1.0,0.0,0.11903661669839745,0.0
905,0.6666666666666666,0.0,0.0,0.0,1.0,1.0,0.0,0.0,0.2734256298404835,1.0
906,0.6666666666666666,0.0,1.0,0.0,1.0,1.0,0.0,0.0,0.3231548400214414,0.0
907,0.33333333333333337,0.0,1.0,0.0,1.0,1.0,0.0,0.0,0.23846139627733315,0.0
908,0.4999999999999999,0.0,1.0,0.0,1.0,1.0,0.0,1.0,0.42709376906157004,0.5
909,0.8333333333333334,0.0,0.0,1.0,0.0,1.0,1.0,0.0,0.1787508548825345,0.0
910,0.4999999999999999,0.0,0.0,0.0,1.0,1.0,0.0,0.0,0.2312711410140293,1.0
911,0.6666666666666666,1.0,0.0,0.0,0.0,1.0,0.0,0.0,0.25779930130681505,0.5
912,0.8333333333333334,0.0,0.0,0.0,0.0,1.0,1.0,0.0,0.1319162307535905,0.0
913,0.6666666666666666,1.0,0.0,1.0,0.0,0.0,0.0,0.0,0.20657289144378105,0.5
914,0.33333333333333337,1.0,0.0,0.0,0.0,1.0,0.0,0.0,0.2500064693813423,1.0
915,0.4999999999999999,0.0,0.0,0.0,0.0,1.0,1.0,0.0,0.08859355649618307,0.0
916,0.16666666666666663,1.0,0.0,0.0,0.0,1.0,0.0,0.0,0.2043400306833515,1.0
917,0.4999999999999999,0.0,1.0,0.0,1.0,0.0,0.0,0.0,0.31558011866693775,1.0
918,0.33333333333333337,1.0,0.0,0.0,0.0,1.0,0.0,0.0,0.25469030147317057,1.0
919,0.16666666666666663,0.0,0.0,0.0,0.0,0.0,1.0,0.0,0.05914123583667587,1.0
920,0.4999999999999999,0.0,1.0,0.0,0.0,0.0,1.0,0.0,0.2593741335649988,1.0
921,0.0,1.0,0.0,0.0,0.0,0.0,0.0,0.0,0.018731631577974542,0.0
922,0.4999999999999999,0.0,0.0,0.0,1.0,1.0,0.0,0.0,0.1182565941479825,0.0
923,0.6666666666666666,0.0,0.0,0.0,1.0,1.0,0.0,1.0,0.31558011866693775,1.0
924,0.6666666666666666,0.0,1.0,1.0,0.0,1.0,1.0,0.0,0.5737749764329679,1.0
925,0.6666666666666666,1.0,1.0,0.0,0.0,0.0,0.0,0.0,0.43443189589841225,1.0
926,0.0,0.0,0.0,1.0,1.0,1.0,0.0,0.0,0.16686937394872553,1.0
927,0.4999999999999999,1.0,0.0,0.0,0.0,1.0,0.0,1.0,0.2558473965361084,0.5
928,0.4999999999999999,0.0,0.0,0.0,1.0,0.0,0.0,1.0,0.11289994639655461,0.5
929,0.0,0.0,1.0,0.0,0.0,0.0,1.0,1.0,0.07181013289957673,0.0
930,0.8333333333333334,1.0,1.0,0.0,0.0,1.0,0.0,0.0,0.733609360270605,1.0
931,0.8333333333333334,0.0,0.0,0.0,0.0,1.0,1.0,0.0,0.2523465370325872,1.0
932,0.0,1.0,1.0,0.0,0.0,1.0,0.0,0.0,0.3559786325576237,1.0
933,0.16666666666666663,0.0,0.0,0.0,1.0,1.0,0.0,0.0,0.16452560950814216,1.0
934,0.8333333333333334,1.0,0.0,0.0,0.0,1.0,0.0,0.0,0.3752980536404133,1.0
935,0.8333333333333334,1.0,1.0,1.0,0.0,1.0,0.0,1.0,0.813981257278054,0.5
936,0.6666666666666666,0.0,0.0,0.0,0.0,1.0,1.0,1.0,0.19486515960887968,0.5
937,0.6666666666666666,0.0,1.0,0.0,0.0,1.0,1.0,1.0,0.5117132770189091,1.0
938,0.4999999999999999,0.0,0.0,0.0,1.0,1.0,0.0,0.0,0.12020849891868914,0.0
939,0.8333333333333334,1.0,0.0,0.0,0.0,1.0,0.0,1.0,0.42974806380658404,1.0
940,0.33333333333333337,0.0,0.0,0.0,1.0,1.0,0.0,0.0,0.0928855289181346,0.0
941,0.9999999999999999,0.0,0.0,0.0,0.0,1.0,1.0,0.0,0.1541598122031016,0.0
942,0.6666666666666666,0.0,0.0,0.0,0.0,1.0,1.0,1.0,0.19632908818690964,0.5
943,0.16666666666666663,0.0,0.0,0.0,1.0,1.0,0.0,0.0,0.06986192491820854,0.0
944,0.16666666666666663,0.0,0.0,0.0,0.0,1.0,1.0,0.0,0.12764274227833128,1.0
945,0.8333333333333334,1.0,0.0,0.0,0.0,1.0,0.0,0.0,0.21231400528640876,0.0
946,0.4999999999999999,0.0,0.0,0.0,0.0,1.0,1.0,0.0,0.1402229163971091,0.5
947,0.8333333333333334,0.0,0.0,0.0,0.0,1.0,1.0,0.0,0.1909613500674664,0.5
948,0.9999999999999999,0.0,0.0,0.0,0.0,1.0,1.0,0.0,0.28981719376721315,1.0
949,0.16666666666666663,0.0,1.0,0.0,1.0,1.0,0.0,0.0,0.27195061089443817,0.5
950,0.9999999999999999,1.0,0.0,0.0,0.0,0.0,0.0,0.0,0.2681577050331787,1.0
951,0.4999999999999999,0.0,1.0,0.0,0.0,1.0,1.0,0.0,0.23650949150662648,0.0
952,0.6666666666666666,0.0,0.0,0.0,0.0,1.0,1.0,0.0,0.11162085728544759,0.0
953,0.4999999999999999,1.0,0.0,0.0,0.0,1.0,0.0,0.0,0.154943531542855,0.0
954,0.8333333333333334,1.0,1.0,0.0,0.0,0.0,0.0,0.0,0.38123509731797933,0.5
955,0.8333333333333334,1.0,0.0,0.0,0.0,1.0,0.0,0.0,0.376469935860705,1.0
956,0.6666666666666666,1.0,0.0,0.0,0.0,1.0,0.0,1.0,0.30024583649100756,0.5
957,0.6666666666666666,1.0,0.0,0.0,0.0,1.0,0.0,0.0,0.33724330419031073,1.0
958,0.9999999999999999,1.0,0.0,0.0,0.0,1.0,0.0,0.0,0.42096449233840405,1.0
959,0.4999999999999999,0.0,1.0,0.0,1.0,1.0,0.0,0.0,0.483026191752463,1.0
960,0.4999999999999999,1.0,0.0,0.0,0.0,0.0,0.0,0.0,0.07766584721169666,0.0
961,0.6666666666666666,1.0,0.0,0.0,0.0,1.0,0.0,1.0,0.38349383560377814,1.0
962,0.33333333333333337,0.0,0.0,0.0,1.0,1.0,0.0,1.0,0.23244302323432098,1.0
963,0.33333333333333337,0.0,1.0,0.0,1.0,1.0,0.0,1.0,0.4777545701558197,1.0
964,0.4999999999999999,0.0,1.0,0.0,0.0,1.0,1.0,0.0,0.4039851389068594,1.0
965,0.6666666666666666,0.0,0.0,1.0,0.0,1.0,1.0,0.0,0.2939169331435648,1.0
966,0.6666666666666666,0.0,1.0,0.0,1.0,0.0,0.0,1.0,0.3987172140995545,1.0
967,0.8333333333333334,1.0,0.0,0.0,0.0,1.0,0.0,0.0,0.3846657178240698,1.0
968,0.6666666666666666,0.0,0.0,0.0,0.0,1.0,1.0,0.0,0.16851814199367848,0.5
969,0.9999999999999999,0.0,0.0,0.0,1.0,1.0,0.0,0.0,0.34192713628213894,1.0
970,0.4999999999999999,1.0,0.0,0.0,0.0,1.0,0.0,0.0,0.15337978965268662,0.0
971,0.33333333333333337,0.0,1.0,1.0,1.0,1.0,0.0,0.0,0.410506275299902,0.5
972,0.33333333333333337,0.0,0.0,0.0,0.0,1.0,1.0,0.0,0.16276963457237387,1.0
973,0.6666666666666666,1.0,0.0,1.0,0.0,1.0,0.0,0.0,0.4221363745586958,1.0
974,0.6666666666666666,1.0,0.0,1.0,0.0,1.0,0.0,0.0,0.24275706548862314,0.0
975,0.6666666666666666,0.0,0.0,0.0,1.0,1.0,0.0,0.0,0.2710818653999002,1.0
976,0.8333333333333334,1.0,0.0,0.0,0.0,1.0,0.0,0.0,0.38349383560377814,1.0
977,0.16666666666666663,1.0,0.0,0.0,0.0,1.0,0.0,1.0,0.2441507550692224,1.0
978,0.0,0.0,0.0,0.0,1.0,0.0,0.0,0.0,0.02947450139553799,0.5
979,0.4999999999999999,0.0,0.0,1.0,0.0,0.0,1.0,1.0,0.17330918097632209,1.0
980,0.6666666666666666,1.0,0.0,0.0,0.0,1.0,0.0,0.0,0.33841148962126394,1.0
981,0.16666666666666663,0.0,0.0,0.0,1.0,1.0,0.0,1.0,0.18384872738027025,1.0
982,0.8333333333333334,1.0,1.0,0.0,0.0,1.0,0.0,0.0,0.4410195744995471,0.0
983,0.4999999999999999,1.0,0.0,1.0,0.0,0.0,0.0,1.0,0.2693258904641319,1.0
984,0.33333333333333337,0.0,0.0,0.0,1.0,1.0,0.0,0.0,0.1973124341509399,1.0
985,0.33333333333333337,1.0,1.0,0.0,0.0,1.0,0.0,1.0,0.5766991367996894,1.0
986,0.6666666666666666,0.0,1.0,0.0,1.0,1.0,0.0,0.0,0.5474279588177667,1.0
987,0.8333333333333334,1.0,0.0,0.0,0.0,1.0,0.0,0.0,0.38115376795253325,1.0
988,0.6666666666666666,0.0,0.0,1.0,1.0,1.0,0.0,0.0,0.34426720393338384,1.0
989,0.6666666666666666,0.0,0.0,0.0,1.0,1.0,0.0,1.0,0.31030849707029445,1.0
990,0.8333333333333334,0.0,0.0,1.0,1.0,1.0,0.0,0.0,0.22011792757989684,0.0
991,0.6666666666666666,0.0,0.0,1.0,1.0,1.0,0.0,0.0,0.2763386998391897,0.5
992,0.6666666666666666,1.0,0.0,0.0,0.0,1.0,0.0,0.0,0.34192713628213894,1.0
993,0.4999999999999999,0.0,0.0,0.0,1.0,1.0,0.0,0.0,0.23419899817008927,1.0
994,0.9999999999999999,0.0,0.0,0.0,0.0,0.0,1.0,0.0,0.1697972311047855,1.0
995,0.6666666666666666,0.0,0.0,0.0,1.0,1.0,0.0,0.0,0.2751816047762518,1.0
996,0.0,0.0,1.0,0.0,1.0,0.0,0.0,1.0,0.2031681484630598,1.0
997,0.8333333333333334,0.0,1.0,0.0,1.0,1.0,0.0,0.0,0.6100737509473023,1.0
998,0.4999999999999999,1.0,1.0,0.0,0.0,0.0,0.0,1.0,0.24626901536015972,0.0
999,0.33333333333333337,1.0,0.0,0.0,0.0,1.0,0.0,1.0,0.21633241529731428,0.5
